Sample,Avg Degree,Avg Clustering,Density,Core Percentage,Periphery Percentage,core_degree_similarity,weighted_degree_correlation,Overall_Similarity
sample_2,0.2744994369593745,0.0714110878088019,0.12269962539494139,0.03609515996718615,0.7629136400322841,0.7354105598378751,0.0017526384497066573,0.28639744977859566
sample_1,0.2742593444117264,0.09731832521612349,0.132563891247496,0.027071369975389725,0.7612240789208778,0.6543295502311895,0.02710149482145345,0.2819811506891795
sample_4,0.2773849442104084,0.1065385272592746,0.12953225501410703,0.027071369975389725,0.7612240789208778,0.5740740740740741,0.02308744546365611,0.2712732421311125
sample_5,0.2753004648235373,0.1325944505782286,0.1409544286839568,0.025430680885972112,0.7609176896759913,0.5412449512948444,0.004903339433759138,0.2687637150537557
sample_3,0.2752177434429762,0.16226107328664352,0.13612920643416027,0.0237899917965545,0.7606115469724402,0.45136612021857925,0.006128350500931726,0.2593577189503265
sample_10,0.27173805234169257,0.0802898814119486,0.12088504326718119,0.01599671862182117,0.7591607268346552,0.4782562596851807,0.01086428105964638,0.24817013760316084
sample_9,0.2681789748469052,0.030371897883135213,0.10540532488835541,0.014766201804757961,0.7589321557607387,0.48914910226385633,0.003969017609555362,0.23868181072247202
sample_8,0.2687848325150132,0.056230068895745,0.1444973937682793,0.01722723543888438,0.7593894356296446,0.3240715013429656,0.005223873680194898,0.22506062018153242
sample_6,0.2585910519878417,0.18225393706743842,0.13314910809030067,0.0012305168170632097,0.7564269280784236,0.0,0.0019294153184753404,0.19051156533707753
sample_7,0.2633093783500414,0.11443688369266469,0.12369304294561145,0.0008203445447088065,0.7563512702540508,0.0,0.01096684484238738,0.18136825208992352
