{
  "success": true,
  "thread_count": 621,
  "avg_thread_length": 2.177133655394525,
  "median_thread_length": 1.0,
  "max_thread_length": 61,
  "percentiles": {
    "p50": 1.0,
    "p75": 2.0,
    "p90": 4.0,
    "p95": 7.0,
    "p99": 14.599999999999909
  },
  "thread_categories": {
    "no_comments": 390,
    "few_comments": 182,
    "many_comments": 47,
    "very_many_comments": 2,
    "no_comments_pct": 62.80193236714976,
    "few_comments_pct": 29.307568438003223,
    "many_comments_pct": 7.568438003220612,
    "very_many_comments_pct": 0.322061191626409
  },
  "thread_length_distribution": {
    "counts": [
      390,
      118,
      39,
      17,
      8,
      11,
      13,
      5,
      3,
      3,
      3,
      3,
      1,
      0,
      2,
      1,
      1,
      1,
      0,
      0,
      0,
      0,
      1,
      0,
      0,
      0,
      0,
      0,
      0,
      0,
      0,
      0,
      0,
      0,
      0,
      0,
      0,
      0,
      0,
      0,
      0,
      0,
      0,
      0,
      0,
      0,
      0,
      0,
      0
    ],
    "bin_edges": [
      1,
      2,
      3,
      4,
      5,
      6,
      7,
      8,
      9,
      10,
      11,
      12,
      13,
      14,
      15,
      16,
      17,
      18,
      19,
      20,
      21,
      22,
      23,
      24,
      25,
      26,
      27,
      28,
      29,
      30,
      31,
      32,
      33,
      34,
      35,
      36,
      37,
      38,
      39,
      40,
      41,
      42,
      43,
      44,
      45,
      46,
      47,
      48,
      49,
      50
    ]
  },
  "unmapped_comments": 7
}