{
  "has_toxicity_data": true,
  "toxicity_coverage_pct": 100.0,
  "records_with_toxicity": 1359,
  "total_records": 1359,
  "toxicity_stats": {
    "mean": 0.12172544302094682,
    "median": 0.0012840243289247155,
    "min": 0.0005634886329062283,
    "max": 0.9864630103111267,
    "std": 0.282824836961891
  },
  "toxicity_distribution": {
    "counts": [
      1089,
      29,
      22,
      9,
      8,
      9,
      9,
      8,
      7,
      9,
      4,
      8,
      6,
      7,
      10,
      10,
      14,
      16,
      18,
      67
    ],
    "counts_pct": [
      80.13245033112582,
      2.1339220014716704,
      1.6188373804267846,
      0.6622516556291391,
      0.5886681383370125,
      0.6622516556291391,
      0.6622516556291391,
      0.5886681383370125,
      0.515084621044886,
      0.6622516556291391,
      0.29433406916850624,
      0.5886681383370125,
      0.44150110375275936,
      0.515084621044886,
      0.7358351729212657,
      0.7358351729212657,
      1.030169242089772,
      1.177336276674025,
      1.3245033112582782,
      4.93009565857248
    ],
    "bin_edges": [
      0.0,
      0.05,
      0.1,
      0.15000000000000002,
      0.2,
      0.25,
      0.30000000000000004,
      0.35000000000000003,
      0.4,
      0.45,
      0.5,
      0.55,
      0.6000000000000001,
      0.65,
      0.7000000000000001,
      0.75,
      0.8,
      0.8500000000000001,
      0.9,
      0.9500000000000001,
      1.0
    ]
  },
  "interaction_toxicity": {
    "posts": {
      "count": 621,
      "mean": 0.03968478306706533,
      "median": 0.0007967485580593348,
      "distribution": [
        575,
        8,
        6,
        1,
        1,
        0,
        4,
        1,
        2,
        0,
        0,
        2,
        1,
        1,
        3,
        3,
        3,
        1,
        3,
        6
      ]
    },
    "comments": {
      "count": 738,
      "mean": 0.1907596568845788,
      "median": 0.003252970171160996,
      "distribution": [
        514,
        21,
        16,
        8,
        7,
        9,
        5,
        7,
        5,
        9,
        4,
        6,
        5,
        6,
        7,
        7,
        11,
        15,
        15,
        61
      ]
    }
  },
  "high_toxicity_threshold": 0.6907022833824158,
  "very_high_toxicity_threshold": 0.94227425456047,
  "high_toxicity_counts": {
    "posts": 19,
    "comments": 117,
    "total": 136,
    "pct_of_posts": 3.059581320450886,
    "pct_of_comments": 15.853658536585366,
    "pct_of_all": 10.007358351729213
  },
  "very_high_toxicity_counts": {
    "posts": 6,
    "comments": 62,
    "total": 68,
    "pct_of_posts": 0.966183574879227,
    "pct_of_comments": 8.401084010840108,
    "pct_of_all": 5.003679175864606
  },
  "user_toxicity": {
    "high_toxicity_users_count": 0,
    "high_toxicity_users_pct": 0.0,
    "user_toxicity_distribution": {
      "counts": [
        18,
        4,
        3,
        6,
        3,
        2,
        4,
        2,
        2,
        1,
        0,
        0,
        1,
        0,
        0,
        0,
        0,
        0,
        0,
        0
      ],
      "bin_edges": [
        0.0,
        0.05,
        0.1,
        0.15000000000000002,
        0.2,
        0.25,
        0.30000000000000004,
        0.35000000000000003,
        0.4,
        0.45,
        0.5,
        0.55,
        0.6000000000000001,
        0.65,
        0.7000000000000001,
        0.75,
        0.8,
        0.8500000000000001,
        0.9,
        0.9500000000000001,
        1.0
      ]
    }
  },
  "daily_toxicity": {
    "0": {
      "date": "2017-08-07",
      "day_num": 1,
      "mean_toxicity": 0.13469388000145233,
      "median_toxicity": 0.002457735827192664,
      "high_toxicity_count": 3,
      "very_high_toxicity_count": 0,
      "total_interactions": 29
    },
    "1": {
      "date": "2017-08-08",
      "day_num": 2,
      "mean_toxicity": 0.21423907429720698,
      "median_toxicity": 0.0023345714434981346,
      "high_toxicity_count": 11,
      "very_high_toxicity_count": 4,
      "total_interactions": 55
    },
    "2": {
      "date": "2017-08-09",
      "day_num": 3,
      "mean_toxicity": 0.2099809067129247,
      "median_toxicity": 0.0023446555715054274,
      "high_toxicity_count": 10,
      "very_high_toxicity_count": 8,
      "total_interactions": 73
    },
    "3": {
      "date": "2017-08-10",
      "day_num": 4,
      "mean_toxicity": 0.08457817564873646,
      "median_toxicity": 0.0009856072720140219,
      "high_toxicity_count": 4,
      "very_high_toxicity_count": 4,
      "total_interactions": 75
    },
    "4": {
      "date": "2017-08-11",
      "day_num": 5,
      "mean_toxicity": 0.0908563873513644,
      "median_toxicity": 0.0010897465981543064,
      "high_toxicity_count": 3,
      "very_high_toxicity_count": 1,
      "total_interactions": 44
    },
    "5": {
      "date": "2017-08-12",
      "day_num": 6,
      "mean_toxicity": 0.09406347336707546,
      "median_toxicity": 0.0010644803987815976,
      "high_toxicity_count": 3,
      "very_high_toxicity_count": 1,
      "total_interactions": 41
    },
    "6": {
      "date": "2017-08-13",
      "day_num": 7,
      "mean_toxicity": 0.18255180201869314,
      "median_toxicity": 0.006838901434093714,
      "high_toxicity_count": 10,
      "very_high_toxicity_count": 5,
      "total_interactions": 65
    },
    "7": {
      "date": "2017-08-14",
      "day_num": 8,
      "mean_toxicity": 0.16120137169983395,
      "median_toxicity": 0.002168404869735241,
      "high_toxicity_count": 10,
      "very_high_toxicity_count": 6,
      "total_interactions": 71
    },
    "8": {
      "date": "2017-08-15",
      "day_num": 9,
      "mean_toxicity": 0.08496778841862189,
      "median_toxicity": 0.0016759304562583566,
      "high_toxicity_count": 2,
      "very_high_toxicity_count": 0,
      "total_interactions": 35
    },
    "9": {
      "date": "2017-08-16",
      "day_num": 10,
      "mean_toxicity": 0.06768538508098572,
      "median_toxicity": 0.0008114637457765639,
      "high_toxicity_count": 2,
      "very_high_toxicity_count": 0,
      "total_interactions": 25
    },
    "10": {
      "date": "2017-08-17",
      "day_num": 11,
      "mean_toxicity": 0.12397138086616642,
      "median_toxicity": 0.0013443296775221825,
      "high_toxicity_count": 7,
      "very_high_toxicity_count": 5,
      "total_interactions": 69
    },
    "11": {
      "date": "2017-08-18",
      "day_num": 12,
      "mean_toxicity": 0.1463605656210954,
      "median_toxicity": 0.0017816094914451241,
      "high_toxicity_count": 6,
      "very_high_toxicity_count": 4,
      "total_interactions": 45
    },
    "12": {
      "date": "2017-08-19",
      "day_num": 13,
      "mean_toxicity": 0.11588993281711245,
      "median_toxicity": 0.0016224101418629289,
      "high_toxicity_count": 3,
      "very_high_toxicity_count": 2,
      "total_interactions": 37
    },
    "13": {
      "date": "2017-08-20",
      "day_num": 14,
      "mean_toxicity": 0.16300073793115044,
      "median_toxicity": 0.0013567979913204908,
      "high_toxicity_count": 4,
      "very_high_toxicity_count": 2,
      "total_interactions": 38
    },
    "14": {
      "date": "2017-08-21",
      "day_num": 15,
      "mean_toxicity": 0.07400347885798991,
      "median_toxicity": 0.0011384288663975894,
      "high_toxicity_count": 2,
      "very_high_toxicity_count": 1,
      "total_interactions": 34
    },
    "15": {
      "date": "2017-08-22",
      "day_num": 16,
      "mean_toxicity": 0.07707567284038912,
      "median_toxicity": 0.0014191949157975614,
      "high_toxicity_count": 3,
      "very_high_toxicity_count": 1,
      "total_interactions": 48
    },
    "16": {
      "date": "2017-08-23",
      "day_num": 17,
      "mean_toxicity": 0.0825459064596311,
      "median_toxicity": 0.0012409264454618096,
      "high_toxicity_count": 3,
      "very_high_toxicity_count": 0,
      "total_interactions": 43
    },