{
  "success": true,
  "thread_count": 440,
  "avg_thread_length": 1.9386363636363637,
  "median_thread_length": 1.0,
  "max_thread_length": 30,
  "percentiles": {
    "p50": 1.0,
    "p75": 2.0,
    "p90": 4.0,
    "p95": 5.0,
    "p99": 10.610000000000014
  },
  "thread_categories": {
    "no_comments": 271,
    "few_comments": 153,
    "many_comments": 14,
    "very_many_comments": 2,
    "no_comments_pct": 61.59090909090909,
    "few_comments_pct": 34.77272727272727,
    "many_comments_pct": 3.1818181818181817,
    "very_many_comments_pct": 0.45454545454545453
  },
  "thread_length_distribution": {
    "counts": [
      271,
      95,
      28,
      17,
      13,
      5,
      1,
      2,
      1,
      2,
      1,
      1,
      0,
      1,
      0,
      0,
      0,
      0,
      0,
      0,
      0,
      0,
      0,
      0,
      0,
      1,
      0,
      0,
      0,
      1
    ],
    "bin_edges": [
      1,
      2,
      3,
      4,
      5,
      6,
      7,
      8,
      9,
      10,
      11,
      12,
      13,
      14,
      15,
      16,
      17,
      18,
      19,
      20,
      21,
      22,
      23,
      24,
      25,
      26,
      27,
      28,
      29,
      30,
      31
    ]
  },
  "unmapped_comments": 22
}