{
  "success": true,
  "thread_count": 574,
  "avg_thread_length": 1.921602787456446,
  "median_thread_length": 1.0,
  "max_thread_length": 27,
  "percentiles": {
    "p50": 1.0,
    "p75": 2.0,
    "p90": 3.0,
    "p95": 6.0,
    "p99": 11.0
  },
  "thread_categories": {
    "no_comments": 381,
    "few_comments": 157,
    "many_comments": 35,
    "very_many_comments": 1,
    "no_comments_pct": 66.37630662020906,
    "few_comments_pct": 27.35191637630662,
    "many_comments_pct": 6.097560975609756,
    "very_many_comments_pct": 0.17421602787456447
  },
  "thread_length_distribution": {
    "counts": [
      381,
      98,
      38,
      12,
      9,
      12,
      7,
      3,
      6,
      1,
      2,
      0,
      1,
      0,
      1,
      1,
      1,
      0,
      0,
      0,
      0,
      0,
      0,
      0,
      0,
      0,
      1
    ],
    "bin_edges": [
      1,
      2,
      3,
      4,
      5,
      6,
      7,
      8,
      9,
      10,
      11,
      12,
      13,
      14,
      15,
      16,
      17,
      18,
      19,
      20,
      21,
      22,
      23,
      24,
      25,
      26,
      27,
      28
    ]
  },
  "unmapped_comments": 27
}