{
  "has_toxicity_data": true,
  "toxicity_coverage_pct": 100.0,
  "records_with_toxicity": 1130,
  "total_records": 1130,
  "toxicity_stats": {
    "mean": 0.12252956330029302,
    "median": 0.0011740358895622194,
    "min": 0.0005717072635889053,
    "max": 0.9917712807655334,
    "std": 0.29011029620091083
  },
  "toxicity_distribution": {
    "counts": [
      920,
      12,
      15,
      12,
      10,
      6,
      5,
      5,
      6,
      5,
      3,
      3,
      4,
      3,
      10,
      5,
      6,
      16,
      26,
      58
    ],
    "counts_pct": [
      81.41592920353983,
      1.0619469026548671,
      1.3274336283185841,
      1.0619469026548671,
      0.8849557522123894,
      0.5309734513274336,
      0.4424778761061947,
      0.4424778761061947,
      0.5309734513274336,
      0.4424778761061947,
      0.2654867256637168,
      0.2654867256637168,
      0.35398230088495575,
      0.2654867256637168,
      0.8849557522123894,
      0.4424778761061947,
      0.5309734513274336,
      1.415929203539823,
      2.3008849557522124,
      5.132743362831858
    ],
    "bin_edges": [
      0.0,
      0.05,
      0.1,
      0.15000000000000002,
      0.2,
      0.25,
      0.30000000000000004,
      0.35000000000000003,
      0.4,
      0.45,
      0.5,
      0.55,
      0.6000000000000001,
      0.65,
      0.7000000000000001,
      0.75,
      0.8,
      0.8500000000000001,
      0.9,
      0.9500000000000001,
      1.0
    ]
  },
  "interaction_toxicity": {
    "posts": {
      "count": 574,
      "mean": 0.027224930369567763,
      "median": 0.000774192827520892,
      "distribution": [
        547,
        2,
        5,
        3,
        2,
        0,
        0,
        0,
        1,
        0,
        0,
        1,
        0,
        0,
        2,
        1,
        0,
        2,
        3,
        5
      ]
    },
    "comments": {
      "count": 556,
      "mean": 0.22091959801654537,
      "median": 0.0037148374831303954,
      "distribution": [
        373,
        10,
        10,
        9,
        8,
        6,
        5,
        5,
        5,
        5,
        3,
        2,
        4,
        3,
        8,
        4,
        6,
        14,
        23,
        53
      ]
    }
  },
  "high_toxicity_threshold": 0.7425114691257477,
  "very_high_toxicity_threshold": 0.9527168333530426,
  "high_toxicity_counts": {
    "posts": 11,
    "comments": 102,
    "total": 113,
    "pct_of_posts": 1.9163763066202089,
    "pct_of_comments": 18.345323741007196,
    "pct_of_all": 10.0
  },
  "very_high_toxicity_counts": {
    "posts": 5,
    "comments": 52,
    "total": 57,
    "pct_of_posts": 0.8710801393728222,
    "pct_of_comments": 9.352517985611511,
    "pct_of_all": 5.04424778761062
  },
  "user_toxicity": {
    "high_toxicity_users_count": 0,
    "high_toxicity_users_pct": 0.0,
    "user_toxicity_distribution": {
      "counts": [
        19,
        2,
        3,
        2,
        3,
        4,
        1,
        1,
        0,
        0,
        1,
        0,
        0,
        0,
        0,
        0,
        0,
        0,
        0,
        0
      ],
      "bin_edges": [
        0.0,
        0.05,
        0.1,
        0.15000000000000002,
        0.2,
        0.25,
        0.30000000000000004,
        0.35000000000000003,
        0.4,
        0.45,
        0.5,
        0.55,
        0.6000000000000001,
        0.65,
        0.7000000000000001,
        0.75,
        0.8,
        0.8500000000000001,
        0.9,
        0.9500000000000001,
        1.0
      ]
    }
  },
  "daily_toxicity": {
    "0": {
      "date": "2017-09-05",
      "day_num": 1,
      "mean_toxicity": 0.06620009676303848,
      "median_toxicity": 0.0010003398056142032,
      "high_toxicity_count": 2,
      "very_high_toxicity_count": 1,
      "total_interactions": 42
    },
    "1": {
      "date": "2017-09-06",
      "day_num": 2,
      "mean_toxicity": 0.20779178300215742,
      "median_toxicity": 0.002427986590191722,
      "high_toxicity_count": 8,
      "very_high_toxicity_count": 6,
      "total_interactions": 39
    },
    "2": {
      "date": "2017-09-07",
      "day_num": 3,
      "mean_toxicity": 0.10486631733007155,
      "median_toxicity": 0.0013020302867516875,
      "high_toxicity_count": 3,
      "very_high_toxicity_count": 2,
      "total_interactions": 39
    },
    "3": {
      "date": "2017-09-08",
      "day_num": 4,
      "mean_toxicity": 0.09534987405641004,
      "median_toxicity": 0.0019514089217409492,
      "high_toxicity_count": 3,
      "very_high_toxicity_count": 1,
      "total_interactions": 35
    },
    "4": {
      "date": "2017-09-09",
      "day_num": 5,
      "mean_toxicity": 0.08627277351721811,
      "median_toxicity": 0.001141446060501039,
      "high_toxicity_count": 2,
      "very_high_toxicity_count": 1,
      "total_interactions": 30
    },
    "5": {
      "date": "2017-09-10",
      "day_num": 6,
      "mean_toxicity": 0.16167807354762845,
      "median_toxicity": 0.0027332771569490433,
      "high_toxicity_count": 5,
      "very_high_toxicity_count": 1,
      "total_interactions": 49
    },
    "6": {
      "date": "2017-09-11",
      "day_num": 7,
      "mean_toxicity": 0.18830936020710326,
      "median_toxicity": 0.002100620127748698,
      "high_toxicity_count": 10,
      "very_high_toxicity_count": 5,
      "total_interactions": 52
    },
    "7": {
      "date": "2017-09-12",
      "day_num": 8,
      "mean_toxicity": 0.13546150101465174,
      "median_toxicity": 0.00118423777166754,
      "high_toxicity_count": 5,
      "very_high_toxicity_count": 3,
      "total_interactions": 40
    },
    "8": {
      "date": "2017-09-13",
      "day_num": 9,
      "mean_toxicity": 0.08840287636195747,
      "median_toxicity": 0.001623739954084158,
      "high_toxicity_count": 3,
      "very_high_toxicity_count": 2,
      "total_interactions": 49
    },
    "9": {
      "date": "2017-09-14",
      "day_num": 10,
      "mean_toxicity": 0.026399283081519644,
      "median_toxicity": 0.0008546916069462895,
      "high_toxicity_count": 1,
      "very_high_toxicity_count": 0,
      "total_interactions": 37
    },
    "10": {
      "date": "2017-09-15",
      "day_num": 11,
      "mean_toxicity": 0.20667804723156483,
      "median_toxicity": 0.0015261913067661226,
      "high_toxicity_count": 5,
      "very_high_toxicity_count": 4,
      "total_interactions": 28
    },
    "11": {
      "date": "2017-09-16",
      "day_num": 12,
      "mean_toxicity": 0.250330228311941,
      "median_toxicity": 0.0012910666409879923,
      "high_toxicity_count": 9,
      "very_high_toxicity_count": 2,
      "total_interactions": 35
    },
    "12": {
      "date": "2017-09-17",
      "day_num": 13,
      "mean_toxicity": 0.06343874965095893,
      "median_toxicity": 0.0009463911410421133,
      "high_toxicity_count": 2,
      "very_high_toxicity_count": 2,
      "total_interactions": 35
    },
    "13": {
      "date": "2017-09-18",
      "day_num": 14,
      "mean_toxicity": 0.1407784087921686,
      "median_toxicity": 0.001099948538467288,
      "high_toxicity_count": 5,
      "very_high_toxicity_count": 2,
      "total_interactions": 53
    },
    "14": {
      "date": "2017-09-19",
      "day_num": 15,
      "mean_toxicity": 0.09018883582475425,
      "median_toxicity": 0.0011122635332867503,
      "high_toxicity_count": 2,
      "very_high_toxicity_count": 1,
      "total_interactions": 49
    },
    "15": {
      "date": "2017-09-20",
      "day_num": 16,
      "mean_toxicity": 0.1387665664041514,
      "median_toxicity": 0.0009305474814027548,
      "high_toxicity_count": 5,
      "very_high_toxicity_count": 3,
      "total_interactions": 47
    },
    "16": {
      "date": "2017-09-21",
      "day_num": 17,
      "mean_toxicity": 0.1299645306443739,
      "median_toxicity": 0.002112466376274824,
      "high_toxicity_count": 4,
      "very_high_toxicity_count": 0,
      "total_interactions": 33
    },