{
  "success": true,
  "thread_count": 10763,
  "avg_thread_length": 2.814456935798569,
  "median_thread_length": 1.0,
  "max_thread_length": 882,
  "percentiles": {
    "p50": 1.0,
    "p75": 1.0,
    "p90": 3.0,
    "p95": 5.0,
    "p99": 23.0
  },
  "thread_categories": {
    "no_comments": 8606,
    "few_comments": 1638,
    "many_comments": 399,
    "very_many_comments": 120,
    "no_comments_pct": 79.95911920468271,
    "few_comments_pct": 15.218805165845954,
    "many_comments_pct": 3.707144848090681,
    "very_many_comments_pct": 1.114930781380656
  },
  "thread_length_distribution": {
    "counts": [
      8606,
      870,
      401,
      230,
      137,
      86,
      59,
      57,
      45,
      22,
      33,
      17,
      7,
      16,
      14,
      17,
      9,
      8,
      3,
      6,
      7,
      2,
      4,
      8,
      1,
      4,
      2,
      3,
      2,
      2,
      3,
      0,
      1,
      0,
      0,
      4,
      2,
      0,
      3,
      0,
      0,
      2,
      0,
      1,
      1,
      1,
      0,
      3,
      0
    ],
    "bin_edges": [
      1,
      2,
      3,
      4,
      5,
      6,
      7,
      8,
      9,
      10,
      11,
      12,
      13,
      14,
      15,
      16,
      17,
      18,
      19,
      20,
      21,
      22,
      23,
      24,
      25,
      26,
      27,
      28,
      29,
      30,
      31,
      32,
      33,
      34,
      35,
      36,
      37,
      38,
      39,
      40,
      41,
      42,
      43,
      44,
      45,
      46,
      47,
      48,
      49,
      50
    ]
  },
  "unmapped_comments": 89729
}