{
  "success": true,
  "thread_count": 11598,
  "mapped_threads": 11598,
  "unmapped_comments": 95838,
  "avg_active_days": 1.0789791343335058,
  "median_active_days": 1.0,
  "max_active_days": 6,
  "min_active_days": 1,
  "percentiles": {
    "active_days": {
      "p50": 1.0,
      "p75": 1.0,
      "p90": 1.0,
      "p95": 2.0,
      "p99": 2.0
    },
    "span_days": {
      "p50": 1.0,
      "p75": 1.0,
      "p90": 1.0,
      "p95": 2.0,
      "p99": 3.0
    }
  },
  "avg_span_days": 1.0918261769270563,
  "median_span_days": 1.0,
  "avg_activity_density": 0.9976762208590974,
  "thread_categories": {
    "one_day_only": 10789,
    "short_duration": 796,
    "medium_duration": 13,
    "long_duration": 0,
    "one_day_pct": 93.02465942403863,
    "short_duration_pct": 6.863252284876703,
    "medium_duration_pct": 0.11208829108466976,
    "long_duration_pct": 0.0
  },
  "active_days_distribution": {
    "counts": [
      10789,
      722,
      74,
      8,
      3,
      2
    ],
    "bin_edges": [
      1,
      2,
      3,
      4,
      5,
      6,
      7
    ]
  }
}