{
  "overall": {
    "H": {
      "count": 1033,
      "mean": 36.235880803484996,
      "median": 28.813648,
      "std": 19.85405304610682,
      "p10": 17.2349,
      "p50": 28.813648,
      "p90": 70.683472
    },
    "H_per_token": {
      "count": 1033,
      "mean": 0.2707741936108422,
      "median": 0.272247,
      "std": 0.032714615726299696,
      "p10": 0.240914,
      "p50": 0.272247,
      "p90": 0.30129
    }
  },
  "by_lag": {
    "1": {
      "H": {
        "count": 615,
        "mean": 33.14149784878049,
        "median": 27.015018,
        "std": 18.154879159778872,
        "p10": 16.977425,
        "p50": 27.015018,
        "p90": 68.20112940000001
      },
      "H_per_token": {
        "count": 615,
        "mean": 0.26293630406504065,
        "median": 0.264958,
        "std": 0.036704326460808345,
        "p10": 0.234548,
        "p50": 0.264958,
        "p90": 0.297084
      }
    },
    "2": {
      "H": {
        "count": 336,
        "mean": 38.156169125000005,
        "median": 31.034018500000002,
        "std": 19.90160019496517,
        "p10": 18.301781,
        "p50": 31.034018500000002,
        "p90": 69.974991
      },
      "H_per_token": {
        "count": 336,
        "mean": 0.28086015476190473,
        "median": 0.278814,
        "std": 0.022384953131475732,
        "p10": 0.256562,
        "p50": 0.278814,
        "p90": 0.306148
      }
    },
    "3": {
      "H": {
        "count": 57,
        "mean": 44.94243457894736,
        "median": 37.074921,
        "std": 23.951387459075402,
        "p10": 18.757523,
        "p50": 37.074921,
        "p90": 75.0333982
      },
      "H_per_token": {
        "count": 57,
        "mean": 0.28815628070175436,
        "median": 0.289113,
        "std": 0.011573110842062154,
        "p10": 0.2756606,
        "p50": 0.289113,
        "p90": 0.30129
      }
    },
    "4": {
      "H": {
        "count": 14,
        "mean": 62.23722128571428,
        "median": 71.2664755,
        "std": 16.96493555638505,
        "p10": 41.384343,
        "p50": 71.2664755,
        "p90": 75.1123049
      },
      "H_per_token": {
        "count": 14,
        "mean": 0.2816277857142857,
        "median": 0.28453649999999997,
        "std": 0.015578490166689012,
        "p10": 0.2560377,
        "p50": 0.28453649999999997,
        "p90": 0.29571759999999997
      }
    },
    "5": {
      "H": {
        "count": 8,
        "mean": 70.87970075,
        "median": 73.770081,
        "std": 8.551169456732334,
        "p10": 65.0162772,
        "p50": 73.770081,
        "p90": 75.654381
      },
      "H_per_token": {
        "count": 8,
        "mean": 0.295657875,
        "median": 0.2961355,
        "std": 0.004070216611908653,
        "p10": 0.2905757,
        "p50": 0.2961355,
        "p90": 0.29970610000000003
      }
    },
    "6": {
      "H": {
        "count": 3,
        "mean": 76.364464,
        "median": 75.494316,
        "std": 2.6043632131851364,
        "p10": 74.54412719999999,
        "p50": 75.494316,
        "p90": 78.53286
      },
      "H_per_token": {
        "count": 3,
        "mean": 0.30064766666666665,
        "median": 0.297222,
        "std": 0.010253087551237109,
        "p10": 0.2934812,
        "p50": 0.297222,
        "p90": 0.30918439999999997
      }
    }
  }
}