{
  "success": true,
  "thread_count": 819,
  "avg_thread_length": 2.023199023199023,
  "median_thread_length": 1.0,
  "max_thread_length": 27,
  "percentiles": {
    "p50": 1.0,
    "p75": 2.0,
    "p90": 4.0,
    "p95": 6.0,
    "p99": 12.459999999999809
  },
  "thread_categories": {
    "no_comments": 491,
    "few_comments": 279,
    "many_comments": 48,
    "very_many_comments": 1,
    "no_comments_pct": 59.95115995115995,
    "few_comments_pct": 34.065934065934066,
    "many_comments_pct": 5.86080586080586,
    "very_many_comments_pct": 0.1221001221001221
  },
  "thread_length_distribution": {
    "counts": [
      491,
      172,
      65,
      27,
      15,
      13,
      10,
      11,
      5,
      1,
      0,
      0,
      1,
      2,
      1,
      2,
      0,
      1,
      0,
      1,
      0,
      0,
      0,
      0,
      0,
      0,
      1
    ],
    "bin_edges": [
      1,
      2,
      3,
      4,
      5,
      6,
      7,
      8,
      9,
      10,
      11,
      12,
      13,
      14,
      15,
      16,
      17,
      18,
      19,
      20,
      21,
      22,
      23,
      24,
      25,
      26,
      27,
      28
    ]
  },
  "unmapped_comments": 26
}