{
  "success": true,
  "thread_count": 10763,
  "mapped_threads": 10763,
  "unmapped_comments": 89729,
  "avg_active_days": 1.065873826999907,
  "median_active_days": 1.0,
  "max_active_days": 7,
  "min_active_days": 1,
  "percentiles": {
    "active_days": {
      "p50": 1.0,
      "p75": 1.0,
      "p90": 1.0,
      "p95": 2.0,
      "p99": 2.0
    },
    "span_days": {
      "p50": 1.0,
      "p75": 1.0,
      "p90": 1.0,
      "p95": 2.0,
      "p99": 2.0
    }
  },
  "avg_span_days": 1.079252996376475,
  "median_span_days": 1.0,
  "avg_activity_density": 0.9976683889370873,
  "thread_categories": {
    "one_day_only": 10123,
    "short_duration": 629,
    "medium_duration": 11,
    "long_duration": 0,
    "one_day_pct": 94.05370249930317,
    "short_duration_pct": 5.844095512403605,
    "medium_duration_pct": 0.1022019882932268,
    "long_duration_pct": 0.0
  },
  "active_days_distribution": {
    "counts": [
      10123,
      589,
      40,
      7,
      2,
      1,
      1
    ],
    "bin_edges": [
      1,
      2,
      3,
      4,
      5,
      6,
      7,
      8
    ]
  }
}