{
  "has_toxicity_data": true,
  "toxicity_coverage_pct": 100.0,
  "records_with_toxicity": 120021,
  "total_records": 120021,
  "toxicity_stats": {
    "mean": 0.15153278057321729,
    "median": 0.0027084690518677235,
    "min": 0.0005551057402044535,
    "max": 0.9920662641525269,
    "std": 0.2999927689907708
  },
  "toxicity_distribution": {
    "counts": [
      87570,
      4174,
      2430,
      1786,
      1505,
      1222,
      1060,
      1013,
      944,
      817,
      900,
      896,
      831,
      908,
      1032,
      1189,
      1596,
      2093,
      2321,
      5734
    ],
    "counts_pct": [
      72.96223160946835,
      3.4777247315053197,
      2.024645687004774,
      1.4880729205722332,
      1.2539472259021338,
      1.0181551561810018,
      0.88317877704735,
      0.8440189633480807,
      0.7865290240874514,
      0.6807142083468726,
      0.7498687729647312,
      0.7465360228626657,
      0.6923788337041018,
      0.7565342731688621,
      0.8598495263328917,
      0.9906599678389616,
      1.3297672907241234,
      1.7438614909057581,
      1.9338282467234902,
      4.777497271310853
    ],
    "bin_edges": [
      0.0,
      0.05,
      0.1,
      0.15000000000000002,
      0.2,
      0.25,
      0.30000000000000004,
      0.35000000000000003,
      0.4,
      0.45,
      0.5,
      0.55,
      0.6000000000000001,
      0.65,
      0.7000000000000001,
      0.75,
      0.8,
      0.8500000000000001,
      0.9,
      0.9500000000000001,
      1.0
    ]
  },
  "interaction_toxicity": {
    "posts": {
      "count": 10763,
      "mean": 0.005113904092253934,
      "median": 0.0007108481950126588,
      "distribution": [
        10635,
        45,
        11,
        12,
        6,
        10,
        0,
        6,
        3,
        2,
        1,
        5,
        4,
        0,
        2,
        4,
        4,
        4,
        2,
        7
      ]
    },
    "comments": {
      "count": 109258,
      "mean": 0.16595649661748507,
      "median": 0.0037431565579026937,
      "distribution": [
        76935,
        4129,
        2419,
        1774,
        1499,
        1212,
        1060,
        1007,
        941,
        815,
        899,
        891,
        827,
        908,
        1030,
        1185,
        1592,
        2089,
        2319,
        5727
      ]
    }
  },
  "high_toxicity_threshold": 0.7886897325515747,
  "very_high_toxicity_threshold": 0.9453098773956299,
  "high_toxicity_counts": {
    "posts": 17,
    "comments": 11986,
    "total": 12003,
    "pct_of_posts": 0.1579485273622596,
    "pct_of_comments": 10.970363726225997,
    "pct_of_all": 10.000749868772965
  },
  "very_high_toxicity_counts": {
    "posts": 7,
    "comments": 5995,
    "total": 6002,
    "pct_of_posts": 0.06503762891387159,
    "pct_of_comments": 5.487012392685204,
    "pct_of_all": 5.00079152814924
  },
  "user_toxicity": {
    "high_toxicity_users_count": 10,
    "high_toxicity_users_pct": 0.02296158526784689,
    "user_toxicity_distribution": {
      "counts": [
        1792,
        593,
        666,
        636,
        451,
        348,
        295,
        201,
        138,
        120,
        72,
        50,
        33,
        16,
        12,
        9,
        3,
        0,
        2,
        2
      ],
      "bin_edges": [
        0.0,
        0.05,
        0.1,
        0.15000000000000002,
        0.2,
        0.25,
        0.30000000000000004,
        0.35000000000000003,
        0.4,
        0.45,
        0.5,
        0.55,
        0.6000000000000001,
        0.65,
        0.7000000000000001,
        0.75,
        0.8,
        0.8500000000000001,
        0.9,
        0.9500000000000001,
        1.0
      ]
    }
  },
  "daily_toxicity": {
    "0": {
      "date": "2017-09-28",
      "day_num": 1,
      "mean_toxicity": 0.1334815628126029,
      "median_toxicity": 0.0023924103006720543,
      "high_toxicity_count": 424,
      "very_high_toxicity_count": 225,
      "total_interactions": 4829
    },
    "1": {
      "date": "2017-09-29",
      "day_num": 2,
      "mean_toxicity": 0.1378874776049808,
      "median_toxicity": 0.002173431683331728,
      "high_toxicity_count": 299,
      "very_high_toxicity_count": 165,
      "total_interactions": 3170
    },
    "2": {
      "date": "2017-09-30",
      "day_num": 3,
      "mean_toxicity": 0.1438500807168516,
      "median_toxicity": 0.0030408836901187897,
      "high_toxicity_count": 140,
      "very_high_toxicity_count": 65,
      "total_interactions": 1653
    },
    "3": {
      "date": "2017-10-01",
      "day_num": 4,
      "mean_toxicity": 0.14033599992291912,
      "median_toxicity": 0.0035389367258176208,
      "high_toxicity_count": 229,
      "very_high_toxicity_count": 111,
      "total_interactions": 2878
    },
    "4": {
      "date": "2017-10-02",
      "day_num": 5,
      "mean_toxicity": 0.16394311859715077,
      "median_toxicity": 0.0026760559994727373,
      "high_toxicity_count": 411,
      "very_high_toxicity_count": 221,
      "total_interactions": 3421
    },
    "5": {
      "date": "2017-10-03",
      "day_num": 6,
      "mean_toxicity": 0.13431783104494185,
      "median_toxicity": 0.00201521092094481,
      "high_toxicity_count": 389,
      "very_high_toxicity_count": 222,
      "total_interactions": 4265
    },
    "6": {
      "date": "2017-10-04",
      "day_num": 7,
      "mean_toxicity": 0.15821563827513727,
      "median_toxicity": 0.0032023221720010042,
      "high_toxicity_count": 387,
      "very_high_toxicity_count": 224,
      "total_interactions": 3703
    },
    "7": {
      "date": "2017-10-05",
      "day_num": 8,
      "mean_toxicity": 0.11757273023226265,
      "median_toxicity": 0.0015038757119327784,
      "high_toxicity_count": 269,
      "very_high_toxicity_count": 150,
      "total_interactions": 3495
    },
    "8": {
      "date": "2017-10-06",
      "day_num": 9,
      "mean_toxicity": 0.1330867516530392,
      "median_toxicity": 0.0021527092903852463,
      "high_toxicity_count": 316,
      "very_high_toxicity_count": 155,
      "total_interactions": 3853
    },
    "9": {
      "date": "2017-10-07",
      "day_num": 10,
      "mean_toxicity": 0.13833236374358282,
      "median_toxicity": 0.002396385418251157,
      "high_toxicity_count": 234,
      "very_high_toxicity_count": 115,
      "total_interactions": 2548
    },
    "10": {
      "date": "2017-10-08",
      "day_num": 11,
      "mean_toxicity": 0.09833170184514076,
      "median_toxicity": 0.0016384950140491128,
      "high_toxicity_count": 177,
      "very_high_toxicity_count": 94,
      "total_interactions": 2921
    },
    "11": {
      "date": "2017-10-09",
      "day_num": 12,
      "mean_toxicity": 0.10283543803086474,
      "median_toxicity": 0.0016239763936027884,
      "high_toxicity_count": 191,
      "very_high_toxicity_count": 71,
      "total_interactions": 3085
    },
    "12": {
      "date": "2017-10-10",
      "day_num": 13,
      "mean_toxicity": 0.10726316681704016,
      "median_toxicity": 0.002092277049086988,
      "high_toxicity_count": 202,
      "very_high_toxicity_count": 100,
      "total_interactions": 3404
    },
    "13": {
      "date": "2017-10-11",
      "day_num": 14,
      "mean_toxicity": 0.14546695665306156,
      "median_toxicity": 0.003361132461577654,
      "high_toxicity_count": 448,
      "very_high_toxicity_count": 202,
      "total_interactions": 4962
    },
    "14": {
      "date": "2017-10-12",
      "day_num": 15,
      "mean_toxicity": 0.14230899855988946,
      "median_toxicity": 0.001778892707079649,
      "high_toxicity_count": 365,
      "very_high_toxicity_count": 203,
      "total_interactions": 3737
    },
    "15": {
      "date": "2017-10-13",
      "day_num": 16,
      "mean_toxicity": 0.14889311554528084,
      "median_toxicity": 0.0020857249619439244,
      "high_toxicity_count": 359,
      "very_high_toxicity_count": 197,
      "total_interactions": 3424
    },