{
  "success": true,
  "thread_count": 13157,
  "mapped_threads": 13157,
  "unmapped_comments": 121180,
  "avg_active_days": 1.0787413544121,
  "median_active_days": 1.0,
  "max_active_days": 7,
  "min_active_days": 1,
  "percentiles": {
    "active_days": {
      "p50": 1.0,
      "p75": 1.0,
      "p90": 1.0,
      "p95": 2.0,
      "p99": 2.0
    },
    "span_days": {
      "p50": 1.0,
      "p75": 1.0,
      "p90": 1.0,
      "p95": 2.0,
      "p99": 3.0
    }
  },
  "avg_span_days": 1.1002508170555598,
  "median_span_days": 1.0,
  "avg_activity_density": 0.9969080461740462,
  "thread_categories": {
    "one_day_only": 12248,
    "short_duration": 897,
    "medium_duration": 12,
    "long_duration": 0,
    "one_day_pct": 93.09113019685338,
    "short_duration_pct": 6.817663601124877,
    "medium_duration_pct": 0.09120620202173749,
    "long_duration_pct": 0.0
  },
  "active_days_distribution": {
    "counts": [
      12248,
      799,
      98,
      9,
      2,
      0,
      1
    ],
    "bin_edges": [
      1,
      2,
      3,
      4,
      5,
      6,
      7,
      8
    ]
  }
}