{
  "has_toxicity_data": true,
  "toxicity_coverage_pct": 100.0,
  "records_with_toxicity": 157118,
  "total_records": 157118,
  "toxicity_stats": {
    "mean": 0.1192427036060503,
    "median": 0.002045481582172215,
    "min": 0.0005526531604118645,
    "max": 0.9921600222587585,
    "std": 0.26802659129562983
  },
  "toxicity_distribution": {
    "counts": [
      121865,
      5037,
      3012,
      2120,
      1652,
      1461,
      1270,
      1159,
      1073,
      1011,
      928,
      945,
      940,
      985,
      1018,
      1241,
      1663,
      1978,
      2357,
      5403
    ],
    "counts_pct": [
      77.5627235580901,
      3.2058707468272254,
      1.9170305120991864,
      1.3493043445054036,
      1.0514390458127012,
      0.9298743619445258,
      0.8083096780763502,
      0.7376621392838504,
      0.6829262083274991,
      0.6434654208938505,
      0.590638882877837,
      0.6014587762064181,
      0.5982764546391883,
      0.6269173487442559,
      0.6479206710879721,
      0.7898522129864178,
      1.0584401532606067,
      1.2589264119960795,
      1.5001463867920926,
      3.438816685548441
    ],
    "bin_edges": [
      0.0,
      0.05,
      0.1,
      0.15000000000000002,
      0.2,
      0.25,
      0.30000000000000004,
      0.35000000000000003,
      0.4,
      0.45,
      0.5,
      0.55,
      0.6000000000000001,
      0.65,
      0.7000000000000001,
      0.75,
      0.8,
      0.8500000000000001,
      0.9,
      0.9500000000000001,
      1.0
    ]
  },
  "interaction_toxicity": {
    "posts": {
      "count": 13157,
      "mean": 0.005811735585562783,
      "median": 0.000706852413713932,
      "distribution": [
        12998,
        37,
        22,
        16,
        5,
        7,
        7,
        4,
        2,
        6,
        1,
        5,
        6,
        4,
        6,
        2,
        9,
        6,
        5,
        9
      ]
    },
    "comments": {
      "count": 143961,
      "mean": 0.12960947826200264,
      "median": 0.002582303946837783,
      "distribution": [
        108867,
        5000,
        2990,
        2104,
        1647,
        1454,
        1263,
        1155,
        1071,
        1005,
        927,
        940,
        934,
        981,
        1012,
        1239,
        1654,
        1972,
        2352,
        5394
      ]
    }
  },
  "high_toxicity_threshold": 0.593437629938127,
  "very_high_toxicity_threshold": 0.8978254675865173,
  "high_toxicity_counts": {
    "posts": 48,
    "comments": 15664,
    "total": 15712,
    "pct_of_posts": 0.36482480808694995,
    "pct_of_comments": 10.880724640701303,
    "pct_of_all": 10.000127292862688
  },
  "very_high_toxicity_counts": {
    "posts": 14,
    "comments": 7842,
    "total": 7856,
    "pct_of_posts": 0.10640723569202706,
    "pct_of_comments": 5.44730864609165,
    "pct_of_all": 5.000063646431344
  },
  "user_toxicity": {
    "high_toxicity_users_count": 40,
    "high_toxicity_users_pct": 0.07514277126540427,
    "user_toxicity_distribution": {
      "counts": [
        2782,
        1028,
        979,
        848,
        498,
        362,
        247,
        206,
        109,
        62,
        41,
        37,
        14,
        10,
        4,
        4,
        2,
        1,
        1,
        0
      ],
      "bin_edges": [
        0.0,
        0.05,
        0.1,
        0.15000000000000002,
        0.2,
        0.25,
        0.30000000000000004,
        0.35000000000000003,
        0.4,
        0.45,
        0.5,
        0.55,
        0.6000000000000001,
        0.65,
        0.7000000000000001,
        0.75,
        0.8,
        0.8500000000000001,
        0.9,
        0.9500000000000001,
        1.0
      ]
    }
  },
  "daily_toxicity": {
    "0": {
      "date": "2017-01-02",
      "day_num": 1,
      "mean_toxicity": 0.09296292477329872,
      "median_toxicity": 0.0014691540272906423,
      "high_toxicity_count": 521,
      "very_high_toxicity_count": 225,
      "total_interactions": 6790
    },
    "1": {
      "date": "2017-01-03",
      "day_num": 2,
      "mean_toxicity": 0.10961546545428028,
      "median_toxicity": 0.0018112921970896423,
      "high_toxicity_count": 576,
      "very_high_toxicity_count": 282,
      "total_interactions": 6108
    },
    "2": {
      "date": "2017-01-04",
      "day_num": 3,
      "mean_toxicity": 0.1032015271459172,
      "median_toxicity": 0.0015792670310474932,
      "high_toxicity_count": 535,
      "very_high_toxicity_count": 274,
      "total_interactions": 6256
    },
    "3": {
      "date": "2017-01-05",
      "day_num": 4,
      "mean_toxicity": 0.1123235643973919,
      "median_toxicity": 0.002123932121321559,
      "high_toxicity_count": 460,
      "very_high_toxicity_count": 234,
      "total_interactions": 4879
    },
    "4": {
      "date": "2017-01-06",
      "day_num": 5,
      "mean_toxicity": 0.10046695471967697,
      "median_toxicity": 0.001430423290003091,
      "high_toxicity_count": 348,
      "very_high_toxicity_count": 203,
      "total_interactions": 4006
    },
    "5": {
      "date": "2017-01-07",
      "day_num": 6,
      "mean_toxicity": 0.10149914485071743,
      "median_toxicity": 0.0015619434416294098,
      "high_toxicity_count": 363,
      "very_high_toxicity_count": 215,
      "total_interactions": 4191
    },
    "6": {
      "date": "2017-01-08",
      "day_num": 7,
      "mean_toxicity": 0.10607694999423273,
      "median_toxicity": 0.0019325717585161328,
      "high_toxicity_count": 251,
      "very_high_toxicity_count": 129,
      "total_interactions": 2959
    },
    "7": {
      "date": "2017-01-09",
      "day_num": 8,
      "mean_toxicity": 0.1152385595839102,
      "median_toxicity": 0.0022418858716264367,
      "high_toxicity_count": 757,
      "very_high_toxicity_count": 369,
      "total_interactions": 7824
    },
    "8": {
      "date": "2017-01-10",
      "day_num": 9,
      "mean_toxicity": 0.1344056732768089,
      "median_toxicity": 0.002281759399920702,
      "high_toxicity_count": 975,
      "very_high_toxicity_count": 474,
      "total_interactions": 8511
    },
    "9": {
      "date": "2017-01-11",
      "day_num": 10,
      "mean_toxicity": 0.13485716820866858,
      "median_toxicity": 0.002026196336373687,
      "high_toxicity_count": 697,
      "very_high_toxicity_count": 374,
      "total_interactions": 6021
    },
    "10": {
      "date": "2017-01-12",
      "day_num": 11,
      "mean_toxicity": 0.11576775554108133,
      "median_toxicity": 0.0017533520003780723,
      "high_toxicity_count": 481,
      "very_high_toxicity_count": 258,
      "total_interactions": 4979
    },
    "11": {
      "date": "2017-01-13",
      "day_num": 12,
      "mean_toxicity": 0.16106060409151274,
      "median_toxicity": 0.004440575372427702,
      "high_toxicity_count": 658,
      "very_high_toxicity_count": 324,
      "total_interactions": 4917
    },
    "12": {
      "date": "2017-01-14",
      "day_num": 13,
      "mean_toxicity": 0.13889743384488307,
      "median_toxicity": 0.002634607022628188,
      "high_toxicity_count": 453,
      "very_high_toxicity_count": 225,
      "total_interactions": 3778
    },
    "13": {
      "date": "2017-01-15",
      "day_num": 14,
      "mean_toxicity": 0.10239911553499427,
      "median_toxicity": 0.0015718162758275867,
      "high_toxicity_count": 426,
      "very_high_toxicity_count": 220,
      "total_interactions": 5146
    },
    "14": {
      "date": "2017-01-16",
      "day_num": 15,
      "mean_toxicity": 0.15116717659357043,
      "median_toxicity": 0.0034395891707390547,
      "high_toxicity_count": 565,
      "very_high_toxicity_count": 288,
      "total_interactions": 4417
    },
    "15": {
      "date": "2017-01-17",
      "day_num": 16,
      "mean_toxicity": 0.10197948188403029,
      "median_toxicity": 0.0013419301831163466,
      "high_toxicity_count": 333,
      "very_high_toxicity_count": 186,
      "total_interactions": 3668
    },