{
  "success": true,
  "thread_count": 9887,
  "avg_thread_length": 3.1787195306968745,
  "median_thread_length": 1.0,
  "max_thread_length": 927,
  "percentiles": {
    "p50": 1.0,
    "p75": 1.0,
    "p90": 3.0,
    "p95": 6.0,
    "p99": 32.13999999999942
  },
  "thread_categories": {
    "no_comments": 7700,
    "few_comments": 1622,
    "many_comments": 435,
    "very_many_comments": 130,
    "no_comments_pct": 77.88004450288257,
    "few_comments_pct": 16.405380803074745,
    "many_comments_pct": 4.399716799838171,
    "very_many_comments_pct": 1.314857894204511
  },
  "thread_length_distribution": {
    "counts": [
      7700,
      869,
      402,
      209,
      142,
      88,
      74,
      45,
      46,
      34,
      28,
      32,
      12,
      19,
      8,
      14,
      5,
      11,
      9,
      10,
      3,
      5,
      4,
      3,
      3,
      1,
      3,
      6,
      0,
      2,
      0,
      1,
      1,
      2,
      2,
      0,
      1,
      4,
      2,
      3,
      4,
      0,
      0,
      0,
      2,
      1,
      1,
      1,
      2
    ],
    "bin_edges": [
      1,
      2,
      3,
      4,
      5,
      6,
      7,
      8,
      9,
      10,
      11,
      12,
      13,
      14,
      15,
      16,
      17,
      18,
      19,
      20,
      21,
      22,
      23,
      24,
      25,
      26,
      27,
      28,
      29,
      30,
      31,
      32,
      33,
      34,
      35,
      36,
      37,
      38,
      39,
      40,
      41,
      42,
      43,
      44,
      45,
      46,
      47,
      48,
      49,
      50
    ]
  },
  "unmapped_comments": 106762
}