{
  "has_toxicity_data": true,
  "toxicity_coverage_pct": 100.0,
  "records_with_toxicity": 138190,
  "total_records": 138190,
  "toxicity_stats": {
    "mean": 0.12500755226232307,
    "median": 0.002065658918581903,
    "min": 0.0005560870631597936,
    "max": 0.9919581413269043,
    "std": 0.2750925597668386
  },
  "toxicity_distribution": {
    "counts": [
      106130,
      4509,
      2681,
      1894,
      1530,
      1276,
      1131,
      1053,
      922,
      834,
      827,
      855,
      823,
      838,
      983,
      1168,
      1474,
      1785,
      2225,
      5252
    ],
    "counts_pct": [
      76.80005789130907,
      3.262898907301541,
      1.9400824951154207,
      1.3705767421665822,
      1.1071712859107026,
      0.9233663796222593,
      0.8184383819379116,
      0.761994355597366,
      0.6671973369997829,
      0.603516897025834,
      0.5984514074824517,
      0.6187133656559809,
      0.5955568420290904,
      0.6064114624791953,
      0.7113394601635429,
      0.8452131123815038,
      1.0666473695636443,
      1.2916998335624863,
      1.610102033432231,
      3.800564440263406
    ],
    "bin_edges": [
      0.0,
      0.05,
      0.1,
      0.15000000000000002,
      0.2,
      0.25,
      0.30000000000000004,
      0.35000000000000003,
      0.4,
      0.45,
      0.5,
      0.55,
      0.6000000000000001,
      0.65,
      0.7000000000000001,
      0.75,
      0.8,
      0.8500000000000001,
      0.9,
      0.9500000000000001,
      1.0
    ]
  },
  "interaction_toxicity": {
    "posts": {
      "count": 9887,
      "mean": 0.005947608020086398,
      "median": 0.0007108427817001939,
      "distribution": [
        9771,
        22,
        12,
        14,
        9,
        8,
        3,
        2,
        4,
        3,
        1,
        3,
        2,
        6,
        3,
        3,
        2,
        2,
        9,
        8
      ]
    },
    "comments": {
      "count": 128303,
      "mean": 0.13418228448778152,
      "median": 0.0025162005331367254,
      "distribution": [
        96359,
        4487,
        2669,
        1880,
        1521,
        1268,
        1128,
        1051,
        918,
        831,
        826,
        852,
        821,
        832,
        980,
        1165,
        1472,
        1783,
        2216,
        5244
      ]
    }
  },
  "high_toxicity_threshold": 0.6441491305828096,
  "very_high_toxicity_threshold": 0.9144435197114943,
  "high_toxicity_counts": {
    "posts": 33,
    "comments": 13786,
    "total": 13819,
    "pct_of_posts": 0.3337716192980682,
    "pct_of_comments": 10.744877360622901,
    "pct_of_all": 10.0
  },
  "very_high_toxicity_counts": {
    "posts": 14,
    "comments": 6896,
    "total": 6910,
    "pct_of_posts": 0.14160008091433196,
    "pct_of_comments": 5.374776895318114,
    "pct_of_all": 5.00036182068167
  },
  "user_toxicity": {
    "high_toxicity_users_count": 25,
    "high_toxicity_users_pct": 0.05076451357443093,
    "user_toxicity_distribution": {
      "counts": [
        2413,
        814,
        828,
        754,
        474,
        300,
        265,
        178,
        108,
        75,
        44,
        32,
        10,
        9,
        6,
        8,
        0,
        2,
        0,
        0
      ],
      "bin_edges": [
        0.0,
        0.05,
        0.1,
        0.15000000000000002,
        0.2,
        0.25,
        0.30000000000000004,
        0.35000000000000003,
        0.4,
        0.45,
        0.5,
        0.55,
        0.6000000000000001,
        0.65,
        0.7000000000000001,
        0.75,
        0.8,
        0.8500000000000001,
        0.9,
        0.9500000000000001,
        1.0
      ]
    }
  },
  "daily_toxicity": {
    "0": {
      "date": "2016-07-02",
      "day_num": 1,
      "mean_toxicity": 0.12192967999621308,
      "median_toxicity": 0.0016581357922405005,
      "high_toxicity_count": 233,
      "very_high_toxicity_count": 127,
      "total_interactions": 2268
    },
    "1": {
      "date": "2016-07-03",
      "day_num": 2,
      "mean_toxicity": 0.12450025557832917,
      "median_toxicity": 0.0020952147897332907,
      "high_toxicity_count": 323,
      "very_high_toxicity_count": 167,
      "total_interactions": 3177
    },
    "2": {
      "date": "2016-07-04",
      "day_num": 3,
      "mean_toxicity": 0.1216312753538419,
      "median_toxicity": 0.0020750387338921428,
      "high_toxicity_count": 397,
      "very_high_toxicity_count": 198,
      "total_interactions": 4178
    },
    "3": {
      "date": "2016-07-05",
      "day_num": 4,
      "mean_toxicity": 0.12526327062978312,
      "median_toxicity": 0.002856945851817727,
      "high_toxicity_count": 385,
      "very_high_toxicity_count": 181,
      "total_interactions": 3983
    },
    "4": {
      "date": "2016-07-06",
      "day_num": 5,
      "mean_toxicity": 0.12111973153652329,
      "median_toxicity": 0.002479022601619363,
      "high_toxicity_count": 395,
      "very_high_toxicity_count": 183,
      "total_interactions": 4209
    },
    "5": {
      "date": "2016-07-07",
      "day_num": 6,
      "mean_toxicity": 0.1061522977813991,
      "median_toxicity": 0.00160219834651798,
      "high_toxicity_count": 353,
      "very_high_toxicity_count": 197,
      "total_interactions": 4110
    },
    "6": {
      "date": "2016-07-08",
      "day_num": 7,
      "mean_toxicity": 0.15603833866393454,
      "median_toxicity": 0.0036511882208287716,
      "high_toxicity_count": 579,
      "very_high_toxicity_count": 245,
      "total_interactions": 4606
    },
    "7": {
      "date": "2016-07-09",
      "day_num": 8,
      "mean_toxicity": 0.21027716339997768,
      "median_toxicity": 0.011321255937218666,
      "high_toxicity_count": 1206,
      "very_high_toxicity_count": 529,
      "total_interactions": 7149
    },
    "8": {
      "date": "2016-07-10",
      "day_num": 9,
      "mean_toxicity": 0.0922206780872648,
      "median_toxicity": 0.0013428361853584647,
      "high_toxicity_count": 243,
      "very_high_toxicity_count": 126,
      "total_interactions": 3349
    },
    "9": {
      "date": "2016-07-11",
      "day_num": 10,
      "mean_toxicity": 0.09165563064789933,
      "median_toxicity": 0.0014661394525319338,
      "high_toxicity_count": 469,
      "very_high_toxicity_count": 249,
      "total_interactions": 6556
    },
    "10": {
      "date": "2016-07-12",
      "day_num": 11,
      "mean_toxicity": 0.13430529718970316,
      "median_toxicity": 0.0021266047842800617,
      "high_toxicity_count": 525,
      "very_high_toxicity_count": 274,
      "total_interactions": 4788
    },
    "11": {
      "date": "2016-07-13",
      "day_num": 12,
      "mean_toxicity": 0.11045796803369252,
      "median_toxicity": 0.0018031372455880046,
      "high_toxicity_count": 282,
      "very_high_toxicity_count": 134,
      "total_interactions": 3175
    },
    "12": {
      "date": "2016-07-14",
      "day_num": 13,
      "mean_toxicity": 0.11922862637539457,
      "median_toxicity": 0.0019204745767638087,
      "high_toxicity_count": 586,
      "very_high_toxicity_count": 318,
      "total_interactions": 6275
    },
    "13": {
      "date": "2016-07-15",
      "day_num": 14,
      "mean_toxicity": 0.14741457459077603,
      "median_toxicity": 0.0029057359788566828,
      "high_toxicity_count": 575,
      "very_high_toxicity_count": 295,
      "total_interactions": 4755
    },
    "14": {
      "date": "2016-07-16",
      "day_num": 15,
      "mean_toxicity": 0.13962181523183514,
      "median_toxicity": 0.0024589768145233393,
      "high_toxicity_count": 343,
      "very_high_toxicity_count": 159,
      "total_interactions": 2901
    },
    "15": {
      "date": "2016-07-17",
      "day_num": 16,
      "mean_toxicity": 0.12420614072830602,
      "median_toxicity": 0.0024344060802832246,
      "high_toxicity_count": 197,
      "very_high_toxicity_count": 92,
      "total_interactions": 1942
    },
    "16": {
      "date": "2016-07-18",