{
  "success": true,
  "thread_count": 11957,
  "avg_thread_length": 2.628083967550389,
  "median_thread_length": 1.0,
  "max_thread_length": 2017,
  "percentiles": {
    "p50": 1.0,
    "p75": 1.0,
    "p90": 3.0,
    "p95": 5.0,
    "p99": 18.44000000000051
  },
  "thread_categories": {
    "no_comments": 9748,
    "few_comments": 1716,
    "many_comments": 384,
    "very_many_comments": 109,
    "no_comments_pct": 81.5254662540771,
    "few_comments_pct": 14.351425942962281,
    "many_comments_pct": 3.2115079033202307,
    "very_many_comments_pct": 0.9115998996403781
  },
  "thread_length_distribution": {
    "counts": [
      9748,
      963,
      382,
      230,
      141,
      78,
      65,
      55,
      45,
      20,
      27,
      22,
      12,
      10,
      9,
      11,
      11,
      8,
      5,
      6,
      6,
      3,
      4,
      5,
      5,
      1,
      2,
      2,
      2,
      2,
      2,
      2,
      0,
      3,
      1,
      0,
      0,
      1,
      4,
      0,
      1,
      2,
      0,
      0,
      1,
      2,
      1,
      1,
      2
    ],
    "bin_edges": [
      1,
      2,
      3,
      4,
      5,
      6,
      7,
      8,
      9,
      10,
      11,
      12,
      13,
      14,
      15,
      16,
      17,
      18,
      19,
      20,
      21,
      22,
      23,
      24,
      25,
      26,
      27,
      28,
      29,
      30,
      31,
      32,
      33,
      34,
      35,
      36,
      37,
      38,
      39,
      40,
      41,
      42,
      43,
      44,
      45,
      46,
      47,
      48,
      49,
      50
    ]
  },
  "unmapped_comments": 82330
}