leaning,periphery,core,periphery_pct,core_pct
Anti-Elite Populist Right,283,8,97.2508591065292,2.7491408934707904
Pro-Business Establishment Right,83,1,98.80952380952381,1.1904761904761905
Religious-Patriot Conservatives,218,15,93.56223175965665,6.437768240343347
Socially Moderate Right,62,2,96.875,3.125
