{
  "has_toxicity_data": true,
  "toxicity_coverage_pct": 100.0,
  "records_with_toxicity": 147167,
  "total_records": 147167,
  "toxicity_stats": {
    "mean": 0.11999742834324209,
    "median": 0.0021016481332480907,
    "min": 0.0005539553822018206,
    "max": 0.9920693635940552,
    "std": 0.26826131803319375
  },
  "toxicity_distribution": {
    "counts": [
      113636,
      4933,
      2844,
      2054,
      1598,
      1413,
      1259,
      1055,
      979,
      1004,
      927,
      855,
      856,
      918,
      935,
      1173,
      1569,
      1862,
      2267,
      5030
    ],
    "counts_pct": [
      77.21568014568484,
      3.3519742877139573,
      1.9324984541371368,
      1.395693327987932,
      1.085841255172695,
      0.9601337256314256,
      0.8554907010403148,
      0.7168726684650771,
      0.6652306563292043,
      0.6822181603212677,
      0.6298966480257123,
      0.5809726365285696,
      0.5816521366882521,
      0.6237811465885695,
      0.6353326493031726,
      0.7970536873076165,
      1.0661357505419014,
      1.265229297328885,
      1.5404268620003125,
      3.417885803203164
    ],
    "bin_edges": [
      0.0,
      0.05,
      0.1,
      0.15000000000000002,
      0.2,
      0.25,
      0.30000000000000004,
      0.35000000000000003,
      0.4,
      0.45,
      0.5,
      0.55,
      0.6000000000000001,
      0.65,
      0.7000000000000001,
      0.75,
      0.8,
      0.8500000000000001,
      0.9,
      0.9500000000000001,
      1.0
    ]
  },
  "interaction_toxicity": {
    "posts": {
      "count": 12195,
      "mean": 0.005438034336298189,
      "median": 0.0007058769115246832,
      "distribution": [
        12059,
        31,
        16,
        15,
        8,
        9,
        5,
        2,
        3,
        5,
        2,
        3,
        2,
        2,
        1,
        3,
        7,
        5,
        3,
        14
      ]
    },
    "comments": {
      "count": 134972,
      "mean": 0.13034810707597688,
      "median": 0.002663301769644022,
      "distribution": [
        101577,
        4902,
        2828,
        2039,
        1590,
        1404,
        1254,
        1053,
        976,
        999,
        925,
        852,
        854,
        916,
        934,
        1170,
        1562,
        1857,
        2264,
        5016
      ]
    }
  },
  "high_toxicity_threshold": 0.5940091609954833,
  "very_high_toxicity_threshold": 0.8984337747097014,
  "high_toxicity_counts": {
    "posts": 39,
    "comments": 14678,
    "total": 14717,
    "pct_of_posts": 0.3198031980319803,
    "pct_of_comments": 10.874848116646415,
    "pct_of_all": 10.000203850047905
  },
  "very_high_toxicity_counts": {
    "posts": 17,
    "comments": 7342,
    "total": 7359,
    "pct_of_posts": 0.13940139401394014,
    "pct_of_comments": 5.439646741546395,
    "pct_of_all": 5.000441675103794
  },
  "user_toxicity": {
    "high_toxicity_users_count": 40,
    "high_toxicity_users_pct": 0.08033257686823449,
    "user_toxicity_distribution": {
      "counts": [
        2634,
        912,
        930,
        826,
        503,
        354,
        231,
        179,
        106,
        59,
        39,
        34,
        13,
        11,
        5,
        5,
        1,
        3,
        1,
        0
      ],
      "bin_edges": [
        0.0,
        0.05,
        0.1,
        0.15000000000000002,
        0.2,
        0.25,
        0.30000000000000004,
        0.35000000000000003,
        0.4,
        0.45,
        0.5,
        0.55,
        0.6000000000000001,
        0.65,
        0.7000000000000001,
        0.75,
        0.8,
        0.8500000000000001,
        0.9,
        0.9500000000000001,
        1.0
      ]
    }
  },
  "daily_toxicity": {
    "0": {
      "date": "2016-11-25",
      "day_num": 1,
      "mean_toxicity": 0.1317021292313034,
      "median_toxicity": 0.002672003349289298,
      "high_toxicity_count": 479,
      "very_high_toxicity_count": 229,
      "total_interactions": 4216
    },
    "1": {
      "date": "2016-11-26",
      "day_num": 2,
      "mean_toxicity": 0.09290830257073307,
      "median_toxicity": 0.0013168726582080126,
      "high_toxicity_count": 171,
      "very_high_toxicity_count": 97,
      "total_interactions": 2149
    },
    "2": {
      "date": "2016-11-27",
      "day_num": 3,
      "mean_toxicity": 0.12837735132279815,
      "median_toxicity": 0.002873089164495468,
      "high_toxicity_count": 505,
      "very_high_toxicity_count": 229,
      "total_interactions": 4900
    },
    "3": {
      "date": "2016-11-28",
      "day_num": 4,
      "mean_toxicity": 0.12664085717529294,
      "median_toxicity": 0.002437634044326842,
      "high_toxicity_count": 499,
      "very_high_toxicity_count": 231,
      "total_interactions": 4688
    },
    "4": {
      "date": "2016-11-29",
      "day_num": 5,
      "mean_toxicity": 0.12961341576948898,
      "median_toxicity": 0.002574542537331581,
      "high_toxicity_count": 480,
      "very_high_toxicity_count": 253,
      "total_interactions": 4455
    },
    "5": {
      "date": "2016-11-30",
      "day_num": 6,
      "mean_toxicity": 0.0952827898000786,
      "median_toxicity": 0.0013398596784099936,
      "high_toxicity_count": 320,
      "very_high_toxicity_count": 162,
      "total_interactions": 4037
    },
    "6": {
      "date": "2016-12-01",
      "day_num": 7,
      "mean_toxicity": 0.1602249158101245,
      "median_toxicity": 0.003950989339500666,
      "high_toxicity_count": 642,
      "very_high_toxicity_count": 316,
      "total_interactions": 4673
    },
    "7": {
      "date": "2016-12-02",
      "day_num": 8,
      "mean_toxicity": 0.13480368388037328,
      "median_toxicity": 0.0021794303320348263,
      "high_toxicity_count": 618,
      "very_high_toxicity_count": 332,
      "total_interactions": 5296
    },
    "8": {
      "date": "2016-12-03",
      "day_num": 9,
      "mean_toxicity": 0.12628040873385435,
      "median_toxicity": 0.0025124517269432545,
      "high_toxicity_count": 302,
      "very_high_toxicity_count": 162,
      "total_interactions": 2869
    },
    "9": {
      "date": "2016-12-04",
      "day_num": 10,
      "mean_toxicity": 0.10108489389498918,
      "median_toxicity": 0.0015688124112784863,
      "high_toxicity_count": 185,
      "very_high_toxicity_count": 85,
      "total_interactions": 2192
    },
    "10": {
      "date": "2016-12-05",
      "day_num": 11,
      "mean_toxicity": 0.09871675621995143,
      "median_toxicity": 0.0015687595587223768,
      "high_toxicity_count": 366,
      "very_high_toxicity_count": 197,
      "total_interactions": 4499
    },
    "11": {
      "date": "2016-12-06",
      "day_num": 12,
      "mean_toxicity": 0.08988805924568709,
      "median_toxicity": 0.0013047073734924197,
      "high_toxicity_count": 356,
      "very_high_toxicity_count": 198,
      "total_interactions": 4602
    },
    "12": {
      "date": "2016-12-07",
      "day_num": 13,
      "mean_toxicity": 0.0975639034950926,
      "median_toxicity": 0.0015414548106491566,
      "high_toxicity_count": 566,
      "very_high_toxicity_count": 316,
      "total_interactions": 6987
    },
    "13": {
      "date": "2016-12-08",
      "day_num": 14,
      "mean_toxicity": 0.12841419884524083,
      "median_toxicity": 0.0025406472850590944,
      "high_toxicity_count": 611,
      "very_high_toxicity_count": 313,
      "total_interactions": 5748
    },
    "14": {
      "date": "2016-12-09",
      "day_num": 15,
      "mean_toxicity": 0.09672282386790457,
      "median_toxicity": 0.00161762535572052,
      "high_toxicity_count": 341,
      "very_high_toxicity_count": 169,
      "total_interactions": 4281
    },
    "15": {
      "date": "2016-12-10",
      "day_num": 16,
      "mean_toxicity": 0.11889973671639675,
      "median_toxicity": 0.002415398368611932,
      "high_toxicity_count": 435,
      "very_high_toxicity_count": 205,
      "total_interactions": 4579
    },