{
  "success": true,
  "thread_count": 10927,
  "avg_thread_length": 3.449803239681523,
  "median_thread_length": 1.0,
  "max_thread_length": 965,
  "percentiles": {
    "p50": 1.0,
    "p75": 1.0,
    "p90": 3.0,
    "p95": 6.0,
    "p99": 21.73999999999978
  },
  "thread_categories": {
    "no_comments": 8581,
    "few_comments": 1797,
    "many_comments": 433,
    "very_many_comments": 116,
    "no_comments_pct": 78.53024617918916,
    "few_comments_pct": 16.445501967603185,
    "many_comments_pct": 3.962661297702938,
    "very_many_comments_pct": 1.0615905555047132
  },
  "thread_length_distribution": {
    "counts": [
      8581,
      904,
      445,
      268,
      180,
      95,
      73,
      61,
      43,
      27,
      27,
      19,
      20,
      13,
      16,
      9,
      10,
      6,
      10,
      4,
      6,
      6,
      3,
      3,
      3,
      0,
      0,
      5,
      3,
      2,
      1,
      0,
      2,
      0,
      0,
      3,
      1,
      0,
      1,
      1,
      0,
      1,
      0,
      1,
      0,
      0,
      0,
      2,
      0
    ],
    "bin_edges": [
      1,
      2,
      3,
      4,
      5,
      6,
      7,
      8,
      9,
      10,
      11,
      12,
      13,
      14,
      15,
      16,
      17,
      18,
      19,
      20,
      21,
      22,
      23,
      24,
      25,
      26,
      27,
      28,
      29,
      30,
      31,
      32,
      33,
      34,
      35,
      36,
      37,
      38,
      39,
      40,
      41,
      42,
      43,
      44,
      45,
      46,
      47,
      48,
      49,
      50
    ]
  },
  "unmapped_comments": 125395
}