{
  "has_toxicity_data": true,
  "toxicity_coverage_pct": 100.0,
  "records_with_toxicity": 163091,
  "total_records": 163091,
  "toxicity_stats": {
    "mean": 0.15584251031671312,
    "median": 0.003105426672846079,
    "min": 0.000554154219571501,
    "max": 0.992469847202301,
    "std": 0.30371044280613235
  },
  "toxicity_distribution": {
    "counts": [
      117619,
      5953,
      3518,
      2593,
      2031,
      1652,
      1513,
      1369,
      1348,
      1222,
      1206,
      1185,
      1216,
      1187,
      1306,
      1591,
      2196,
      2718,
      3310,
      8358
    ],
    "counts_pct": [
      72.11863315572288,
      3.650109448099527,
      2.157077950346739,
      1.5899099275864395,
      1.2453170315958575,
      1.0129314309189348,
      0.9277029388500899,
      0.8394086736852432,
      0.8265324266820364,
      0.7492749446627955,
      0.7394644707555904,
      0.7265882237523836,
      0.7455960169475937,
      0.7278145329907842,
      0.8007799326756228,
      0.9755289991477151,
      1.346487543763911,
      1.6665542549864798,
      2.0295417895530714,
      5.124746307276306
    ],
    "bin_edges": [
      0.0,
      0.05,
      0.1,
      0.15000000000000002,
      0.2,
      0.25,
      0.30000000000000004,
      0.35000000000000003,
      0.4,
      0.45,
      0.5,
      0.55,
      0.6000000000000001,
      0.65,
      0.7000000000000001,
      0.75,
      0.8,
      0.8500000000000001,
      0.9,
      0.9500000000000001,
      1.0
    ]
  },
  "interaction_toxicity": {
    "posts": {
      "count": 10927,
      "mean": 0.009695058347500242,
      "median": 0.0007289501372724771,
      "distribution": [
        10722,
        39,
        26,
        13,
        9,
        15,
        6,
        3,
        4,
        6,
        6,
        5,
        7,
        3,
        3,
        4,
        9,
        6,
        17,
        24
      ]
    },
    "comments": {
      "count": 152164,
      "mean": 0.1663374579236871,
      "median": 0.003943749703466892,
      "distribution": [
        106897,
        5914,
        3492,
        2580,
        2022,
        1637,
        1507,
        1366,
        1344,
        1216,
        1200,
        1180,
        1209,
        1184,
        1303,
        1587,
        2187,
        2712,
        3293,
        8334
      ]
    }
  },
  "high_toxicity_threshold": 0.8078855276107788,
  "very_high_toxicity_threshold": 0.9523055255413055,
  "high_toxicity_counts": {
    "posts": 56,
    "comments": 16254,
    "total": 16310,
    "pct_of_posts": 0.5124919923126201,
    "pct_of_comments": 10.68189584921532,
    "pct_of_all": 10.00055183915728
  },
  "very_high_toxicity_counts": {
    "posts": 24,
    "comments": 8131,
    "total": 8155,
    "pct_of_posts": 0.21963942527683716,
    "pct_of_comments": 5.34357666728004,
    "pct_of_all": 5.00027591957864
  },
  "user_toxicity": {
    "high_toxicity_users_count": 7,
    "high_toxicity_users_pct": 0.011798216783806105,
    "user_toxicity_distribution": {
      "counts": [
        2199,
        921,
        893,
        948,
        651,
        461,
        380,
        293,
        174,
        133,
        105,
        53,
        25,
        23,
        20,
        9,
        3,
        2,
        1,
        1
      ],
      "bin_edges": [
        0.0,
        0.05,
        0.1,
        0.15000000000000002,
        0.2,
        0.25,
        0.30000000000000004,
        0.35000000000000003,
        0.4,
        0.45,
        0.5,
        0.55,
        0.6000000000000001,
        0.65,
        0.7000000000000001,
        0.75,
        0.8,
        0.8500000000000001,
        0.9,
        0.9500000000000001,
        1.0
      ]
    }
  },
  "daily_toxicity": {
    "0": {
      "date": "2017-12-08",
      "day_num": 1,
      "mean_toxicity": 0.20266100071899548,
      "median_toxicity": 0.0044389653485268354,
      "high_toxicity_count": 801,
      "very_high_toxicity_count": 439,
      "total_interactions": 5504
    },
    "1": {
      "date": "2017-12-09",
      "day_num": 2,
      "mean_toxicity": 0.1557800151818896,
      "median_toxicity": 0.00327341933734715,
      "high_toxicity_count": 203,
      "very_high_toxicity_count": 97,
      "total_interactions": 2079
    },
    "2": {
      "date": "2017-12-10",
      "day_num": 3,
      "mean_toxicity": 0.136819938078052,
      "median_toxicity": 0.0023241862654685974,
      "high_toxicity_count": 456,
      "very_high_toxicity_count": 224,
      "total_interactions": 4921
    },
    "3": {
      "date": "2017-12-11",
      "day_num": 4,
      "mean_toxicity": 0.15388369945697367,
      "median_toxicity": 0.00293204328045249,
      "high_toxicity_count": 423,
      "very_high_toxicity_count": 218,
      "total_interactions": 4312
    },
    "4": {
      "date": "2017-12-12",
      "day_num": 5,
      "mean_toxicity": 0.15683207002264746,
      "median_toxicity": 0.0028096282621845603,
      "high_toxicity_count": 366,
      "very_high_toxicity_count": 194,
      "total_interactions": 3568
    },
    "5": {
      "date": "2017-12-13",
      "day_num": 6,
      "mean_toxicity": 0.19498207739205828,
      "median_toxicity": 0.004365511937066913,
      "high_toxicity_count": 1306,
      "very_high_toxicity_count": 740,
      "total_interactions": 9590
    },
    "6": {
      "date": "2017-12-14",
      "day_num": 7,
      "mean_toxicity": 0.19569701854311167,
      "median_toxicity": 0.005885598249733448,
      "high_toxicity_count": 1212,
      "very_high_toxicity_count": 644,
      "total_interactions": 9689
    },
    "7": {
      "date": "2017-12-15",
      "day_num": 8,
      "mean_toxicity": 0.16817548983046773,
      "median_toxicity": 0.004482316318899393,
      "high_toxicity_count": 483,
      "very_high_toxicity_count": 229,
      "total_interactions": 4535
    },
    "8": {
      "date": "2017-12-16",
      "day_num": 9,
      "mean_toxicity": 0.1834358838065783,
      "median_toxicity": 0.005360397044569254,
      "high_toxicity_count": 593,
      "very_high_toxicity_count": 304,
      "total_interactions": 5062
    },
    "9": {
      "date": "2017-12-17",
      "day_num": 10,
      "mean_toxicity": 0.14721159352353938,
      "median_toxicity": 0.002599491272121668,
      "high_toxicity_count": 515,
      "very_high_toxicity_count": 289,
      "total_interactions": 5293
    },
    "10": {
      "date": "2017-12-18",
      "day_num": 11,
      "mean_toxicity": 0.13854888065585935,
      "median_toxicity": 0.003179243765771389,
      "high_toxicity_count": 302,
      "very_high_toxicity_count": 150,
      "total_interactions": 3840
    },
    "11": {
      "date": "2017-12-19",
      "day_num": 12,
      "mean_toxicity": 0.1551040592869516,
      "median_toxicity": 0.005033591296523809,
      "high_toxicity_count": 501,
      "very_high_toxicity_count": 215,
      "total_interactions": 5667
    },
    "12": {
      "date": "2017-12-20",
      "day_num": 13,
      "mean_toxicity": 0.1524505940006277,
      "median_toxicity": 0.00320992071647197,
      "high_toxicity_count": 694,
      "very_high_toxicity_count": 331,
      "total_interactions": 7090
    },
    "13": {
      "date": "2017-12-21",
      "day_num": 14,
      "mean_toxicity": 0.10874297859827141,
      "median_toxicity": 0.0017625138279981911,
      "high_toxicity_count": 486,
      "very_high_toxicity_count": 258,
      "total_interactions": 7534
    },
    "14": {
      "date": "2017-12-22",
      "day_num": 15,
      "mean_toxicity": 0.1521197296824137,
      "median_toxicity": 0.002934107556939125,
      "high_toxicity_count": 540,
      "very_high_toxicity_count": 261,
      "total_interactions": 5427
    },
    "15": {
      "date": "2017-12-23",
      "day_num": 16,
      "mean_toxicity": 0.13394325198347876,
      "median_toxicity": 0.002541973488405347,
      "high_toxicity_count": 341,
      "very_high_toxicity_count": 149,
      "total_interactions": 4078
    },