{
  "success": true,
  "thread_count": 13157,
  "avg_thread_length": 2.7314737402143345,
  "median_thread_length": 1.0,
  "max_thread_length": 598,
  "percentiles": {
    "p50": 1.0,
    "p75": 1.0,
    "p90": 3.0,
    "p95": 5.0,
    "p99": 25.44000000000051
  },
  "thread_categories": {
    "no_comments": 10633,
    "few_comments": 1889,
    "many_comments": 475,
    "very_many_comments": 160,
    "no_comments_pct": 80.81629550809456,
    "few_comments_pct": 14.35737630158851,
    "many_comments_pct": 3.610245496693775,
    "very_many_comments_pct": 1.2160826936231663
  },
  "thread_length_distribution": {
    "counts": [
      10633,
      1076,
      397,
      274,
      142,
      108,
      75,
      52,
      43,
      34,
      26,
      29,
      22,
      23,
      19,
      9,
      12,
      11,
      7,
      5,
      5,
      8,
      7,
      4,
      4,
      9,
      3,
      4,
      3,
      3,
      1,
      3,
      3,
      1,
      2,
      2,
      0,
      1,
      1,
      3,
      1,
      1,
      2,
      1,
      2,
      2,
      0,
      0,
      3
    ],
    "bin_edges": [
      1,
      2,
      3,
      4,
      5,
      6,
      7,
      8,
      9,
      10,
      11,
      12,
      13,
      14,
      15,
      16,
      17,
      18,
      19,
      20,
      21,
      22,
      23,
      24,
      25,
      26,
      27,
      28,
      29,
      30,
      31,
      32,
      33,
      34,
      35,
      36,
      37,
      38,
      39,
      40,
      41,
      42,
      43,
      44,
      45,
      46,
      47,
      48,
      49,
      50
    ]
  },
  "unmapped_comments": 121180
}