{
  "success": true,
  "thread_count": 12353,
  "avg_thread_length": 2.757791629563669,
  "median_thread_length": 1.0,
  "max_thread_length": 1620,
  "percentiles": {
    "p50": 1.0,
    "p75": 1.0,
    "p90": 3.0,
    "p95": 5.0,
    "p99": 18.479999999999563
  },
  "thread_categories": {
    "no_comments": 9984,
    "few_comments": 1824,
    "many_comments": 441,
    "very_many_comments": 104,
    "no_comments_pct": 80.82247227394154,
    "few_comments_pct": 14.765643973123938,
    "many_comments_pct": 3.5699830000809523,
    "very_many_comments_pct": 0.8419007528535579
  },
  "thread_length_distribution": {
    "counts": [
      9984,
      1039,
      413,
      222,
      150,
      110,
      84,
      46,
      43,
      27,
      24,
      19,
      18,
      10,
      14,
      11,
      8,
      7,
      6,
      14,
      8,
      2,
      5,
      8,
      2,
      2,
      2,
      1,
      0,
      1,
      2,
      0,
      0,
      3,
      3,
      1,
      0,
      2,
      1,
      3,
      0,
      0,
      0,
      2,
      1,
      1,
      2,
      0,
      1
    ],
    "bin_edges": [
      1,
      2,
      3,
      4,
      5,
      6,
      7,
      8,
      9,
      10,
      11,
      12,
      13,
      14,
      15,
      16,
      17,
      18,
      19,
      20,
      21,
      22,
      23,
      24,
      25,
      26,
      27,
      28,
      29,
      30,
      31,
      32,
      33,
      34,
      35,
      36,
      37,
      38,
      39,
      40,
      41,
      42,
      43,
      44,
      45,
      46,
      47,
      48,
      49,
      50
    ]
  },
  "unmapped_comments": 103962
}