{
  "success": true,
  "thread_count": 12195,
  "mapped_threads": 12195,
  "unmapped_comments": 114170,
  "avg_active_days": 1.0628946289462895,
  "median_active_days": 1.0,
  "max_active_days": 6,
  "min_active_days": 1,
  "percentiles": {
    "active_days": {
      "p50": 1.0,
      "p75": 1.0,
      "p90": 1.0,
      "p95": 2.0,
      "p99": 2.0
    },
    "span_days": {
      "p50": 1.0,
      "p75": 1.0,
      "p90": 1.0,
      "p95": 2.0,
      "p99": 2.0
    }
  },
  "avg_span_days": 1.0781467814678147,
  "median_span_days": 1.0,
  "avg_activity_density": 0.9981888132545921,
  "thread_categories": {
    "one_day_only": 11520,
    "short_duration": 665,
    "medium_duration": 10,
    "long_duration": 0,
    "one_day_pct": 94.4649446494465,
    "short_duration_pct": 5.453054530545305,
    "medium_duration_pct": 0.08200082000820008,
    "long_duration_pct": 0.0
  },
  "active_days_distribution": {
    "counts": [
      11520,
      598,
      67,
      6,
      3,
      1
    ],
    "bin_edges": [
      1,
      2,
      3,
      4,
      5,
      6,
      7
    ]
  }
}