{
  "success": true,
  "thread_count": 12195,
  "avg_thread_length": 2.705781057810578,
  "median_thread_length": 1.0,
  "max_thread_length": 1304,
  "percentiles": {
    "p50": 1.0,
    "p75": 1.0,
    "p90": 3.0,
    "p95": 5.0,
    "p99": 24.0
  },
  "thread_categories": {
    "no_comments": 10110,
    "few_comments": 1514,
    "many_comments": 433,
    "very_many_comments": 138,
    "no_comments_pct": 82.90282902829028,
    "few_comments_pct": 12.414924149241493,
    "many_comments_pct": 3.5506355063550634,
    "very_many_comments_pct": 1.1316113161131611
  },
  "thread_length_distribution": {
    "counts": [
      10110,
      844,
      340,
      206,
      124,
      105,
      72,
      44,
      52,
      27,
      28,
      18,
      16,
      9,
      10,
      11,
      13,
      12,
      9,
      7,
      6,
      3,
      4,
      6,
      2,
      3,
      4,
      3,
      1,
      1,
      3,
      3,
      1,
      4,
      2,
      5,
      1,
      1,
      2,
      2,
      1,
      2,
      1,
      0,
      1,
      0,
      1,
      0,
      1
    ],
    "bin_edges": [
      1,
      2,
      3,
      4,
      5,
      6,
      7,
      8,
      9,
      10,
      11,
      12,
      13,
      14,
      15,
      16,
      17,
      18,
      19,
      20,
      21,
      22,
      23,
      24,
      25,
      26,
      27,
      28,
      29,
      30,
      31,
      32,
      33,
      34,
      35,
      36,
      37,
      38,
      39,
      40,
      41,
      42,
      43,
      44,
      45,
      46,
      47,
      48,
      49,
      50
    ]
  },
  "unmapped_comments": 114170
}