{
  "success": true,
  "thread_count": 11446,
  "avg_thread_length": 3.02245325878036,
  "median_thread_length": 1.0,
  "max_thread_length": 1735,
  "percentiles": {
    "p50": 1.0,
    "p75": 1.0,
    "p90": 3.0,
    "p95": 6.0,
    "p99": 31.0
  },
  "thread_categories": {
    "no_comments": 9018,
    "few_comments": 1849,
    "many_comments": 424,
    "very_many_comments": 155,
    "no_comments_pct": 78.7873492923292,
    "few_comments_pct": 16.15411497466364,
    "many_comments_pct": 3.7043508649309804,
    "very_many_comments_pct": 1.3541848680761839
  },
  "thread_length_distribution": {
    "counts": [
      9018,
      981,
      439,
      265,
      164,
      84,
      75,
      51,
      40,
      37,
      27,
      21,
      14,
      25,
      17,
      4,
      6,
      11,
      5,
      7,
      8,
      5,
      5,
      5,
      3,
      5,
      1,
      0,
      3,
      4,
      4,
      5,
      3,
      6,
      4,
      3,
      3,
      2,
      2,
      0,
      2,
      0,
      3,
      1,
      2,
      2,
      1,
      1,
      3
    ],
    "bin_edges": [
      1,
      2,
      3,
      4,
      5,
      6,
      7,
      8,
      9,
      10,
      11,
      12,
      13,
      14,
      15,
      16,
      17,
      18,
      19,
      20,
      21,
      22,
      23,
      24,
      25,
      26,
      27,
      28,
      29,
      30,
      31,
      32,
      33,
      34,
      35,
      36,
      37,
      38,
      39,
      40,
      41,
      42,
      43,
      44,
      45,
      46,
      47,
      48,
      49,
      50
    ]
  },
  "unmapped_comments": 118438
}