{
  "has_toxicity_data": true,
  "toxicity_coverage_pct": 100.0,
  "records_with_toxicity": 138029,
  "total_records": 138029,
  "toxicity_stats": {
    "mean": 0.12525872374119446,
    "median": 0.0020260533783584833,
    "min": 0.0005521990242414176,
    "max": 0.9922846555709839,
    "std": 0.27550867788330946
  },
  "toxicity_distribution": {
    "counts": [
      106197,
      4392,
      2549,
      1862,
      1494,
      1210,
      1119,
      1041,
      980,
      926,
      867,
      836,
      862,
      856,
      924,
      1138,
      1494,
      1856,
      2176,
      5250
    ],
    "counts_pct": [
      76.93817965789798,
      3.1819400270957554,
      1.8467133718276594,
      1.3489918785182824,
      1.0823812387251954,
      0.8766273754066174,
      0.8106992008925661,
      0.7541893370233792,
      0.709995725535938,
      0.6708735120880395,
      0.6281288714690392,
      0.6056698230082085,
      0.6245064442979373,
      0.6201595316926154,
      0.6694245412195988,
      0.8244644241427526,
      1.0823812387251954,
      1.3446449659129602,
      1.5764803048634708,
      3.803548529656811
    ],
    "bin_edges": [
      0.0,
      0.05,
      0.1,
      0.15000000000000002,
      0.2,
      0.25,
      0.30000000000000004,
      0.35000000000000003,
      0.4,
      0.45,
      0.5,
      0.55,
      0.6000000000000001,
      0.65,
      0.7000000000000001,
      0.75,
      0.8,
      0.8500000000000001,
      0.9,
      0.9500000000000001,
      1.0
    ]
  },
  "interaction_toxicity": {
    "posts": {
      "count": 12353,
      "mean": 0.0062964135383244925,
      "median": 0.0007123138639144599,
      "distribution": [
        12205,
        38,
        9,
        11,
        9,
        6,
        5,
        2,
        3,
        5,
        7,
        2,
        3,
        4,
        8,
        3,
        3,
        11,
        8,
        11
      ]
    },
    "comments": {
      "count": 125676,
      "mean": 0.13695181882646174,
      "median": 0.002631362178362906,
      "distribution": [
        93992,
        4354,
        2540,
        1851,
        1485,
        1204,
        1114,
        1039,
        977,
        921,
        860,
        834,
        859,
        852,
        916,
        1135,
        1491,
        1845,
        2168,
        5239
      ]
    }
  },
  "high_toxicity_threshold": 0.6443146467208861,
  "very_high_toxicity_threshold": 0.9137197256088258,
  "high_toxicity_counts": {
    "posts": 48,
    "comments": 13755,
    "total": 13803,
    "pct_of_posts": 0.38856957824010363,
    "pct_of_comments": 10.944810465005252,
    "pct_of_all": 10.000072448543422
  },
  "very_high_toxicity_counts": {
    "posts": 19,
    "comments": 6883,
    "total": 6902,
    "pct_of_posts": 0.1538087913867077,
    "pct_of_comments": 5.4767815652948855,
    "pct_of_all": 5.000398466988821
  },
  "user_toxicity": {
    "high_toxicity_users_count": 34,
    "high_toxicity_users_pct": 0.06812535064518715,
    "user_toxicity_distribution": {
      "counts": [
        2383,
        806,
        715,
        741,
        474,
        318,
        231,
        188,
        93,
        65,
        52,
        41,
        19,
        15,
        8,
        8,
        1,
        0,
        1,
        0
      ],
      "bin_edges": [
        0.0,
        0.05,
        0.1,
        0.15000000000000002,
        0.2,
        0.25,
        0.30000000000000004,
        0.35000000000000003,
        0.4,
        0.45,
        0.5,
        0.55,
        0.6000000000000001,
        0.65,
        0.7000000000000001,
        0.75,
        0.8,
        0.8500000000000001,
        0.9,
        0.9500000000000001,
        1.0
      ]
    }
  },
  "daily_toxicity": {
    "0": {
      "date": "2017-08-22",
      "day_num": 1,
      "mean_toxicity": 0.2057861659744958,
      "median_toxicity": 0.009844695217907429,
      "high_toxicity_count": 1139,
      "very_high_toxicity_count": 535,
      "total_interactions": 7040
    },
    "1": {
      "date": "2017-08-23",
      "day_num": 2,
      "mean_toxicity": 0.12321549085154185,
      "median_toxicity": 0.0017903787666000426,
      "high_toxicity_count": 408,
      "very_high_toxicity_count": 201,
      "total_interactions": 4190
    },
    "2": {
      "date": "2017-08-24",
      "day_num": 3,
      "mean_toxicity": 0.10186737058472403,
      "median_toxicity": 0.0016417926526628435,
      "high_toxicity_count": 244,
      "very_high_toxicity_count": 130,
      "total_interactions": 3270
    },
    "3": {
      "date": "2017-08-25",
      "day_num": 4,
      "mean_toxicity": 0.09812708138352787,
      "median_toxicity": 0.0015094911213964224,
      "high_toxicity_count": 356,
      "very_high_toxicity_count": 161,
      "total_interactions": 4392
    },
    "4": {
      "date": "2017-08-26",
      "day_num": 5,
      "mean_toxicity": 0.18576307414246299,
      "median_toxicity": 0.0052600938361138105,
      "high_toxicity_count": 656,
      "very_high_toxicity_count": 294,
      "total_interactions": 4394
    },
    "5": {
      "date": "2017-08-27",
      "day_num": 6,
      "mean_toxicity": 0.13818830347239625,
      "median_toxicity": 0.00232030195184052,
      "high_toxicity_count": 307,
      "very_high_toxicity_count": 142,
      "total_interactions": 2783
    },
    "6": {
      "date": "2017-08-28",
      "day_num": 7,
      "mean_toxicity": 0.16200142064104048,
      "median_toxicity": 0.0026673892280086875,
      "high_toxicity_count": 504,
      "very_high_toxicity_count": 242,
      "total_interactions": 3826
    },
    "7": {
      "date": "2017-08-29",
      "day_num": 8,
      "mean_toxicity": 0.11307531638094032,
      "median_toxicity": 0.0014972519129514694,
      "high_toxicity_count": 288,
      "very_high_toxicity_count": 134,
      "total_interactions": 3025
    },
    "8": {
      "date": "2017-08-30",
      "day_num": 9,
      "mean_toxicity": 0.11383941400516998,
      "median_toxicity": 0.0018025499302893877,
      "high_toxicity_count": 417,
      "very_high_toxicity_count": 197,
      "total_interactions": 4672
    },
    "9": {
      "date": "2017-08-31",
      "day_num": 10,
      "mean_toxicity": 0.11873912071077702,
      "median_toxicity": 0.0021491108927875757,
      "high_toxicity_count": 488,
      "very_high_toxicity_count": 265,
      "total_interactions": 5161
    },
    "10": {
      "date": "2017-09-01",
      "day_num": 11,
      "mean_toxicity": 0.15000706517624499,
      "median_toxicity": 0.0027212570421397686,
      "high_toxicity_count": 473,
      "very_high_toxicity_count": 239,
      "total_interactions": 3835
    },
    "11": {
      "date": "2017-09-02",
      "day_num": 12,
      "mean_toxicity": 0.10201363966587507,
      "median_toxicity": 0.0017273985431529582,
      "high_toxicity_count": 626,
      "very_high_toxicity_count": 344,
      "total_interactions": 7798
    },
    "12": {
      "date": "2017-09-03",
      "day_num": 13,
      "mean_toxicity": 0.12804116633819201,
      "median_toxicity": 0.0024442056892439723,
      "high_toxicity_count": 325,
      "very_high_toxicity_count": 147,
      "total_interactions": 3250
    },
    "13": {
      "date": "2017-09-04",
      "day_num": 14,
      "mean_toxicity": 0.1289438065154507,
      "median_toxicity": 0.0019221564871259034,
      "high_toxicity_count": 368,
      "very_high_toxicity_count": 177,
      "total_interactions": 3608
    },
    "14": {
      "date": "2017-09-05",
      "day_num": 15,
      "mean_toxicity": 0.15443137133008708,
      "median_toxicity": 0.0028265654109418392,
      "high_toxicity_count": 509,
      "very_high_toxicity_count": 261,
      "total_interactions": 3993
    },
    "15": {
      "date": "2017-09-06",
      "day_num": 16,
      "mean_toxicity": 0.1273435813574174,
      "median_toxicity": 0.002873250748962164,
      "high_toxicity_count": 483,
      "very_high_toxicity_count": 208,
      "total_interactions": 5088
    },