{
  "success": true,
  "thread_count": 704,
  "avg_thread_length": 2.09375,
  "median_thread_length": 1.0,
  "max_thread_length": 19,
  "percentiles": {
    "p50": 1.0,
    "p75": 2.0,
    "p90": 4.0,
    "p95": 6.0,
    "p99": 10.0
  },
  "thread_categories": {
    "no_comments": 390,
    "few_comments": 268,
    "many_comments": 46,
    "very_many_comments": 0,
    "no_comments_pct": 55.39772727272727,
    "few_comments_pct": 38.06818181818182,
    "many_comments_pct": 6.534090909090909,
    "very_many_comments_pct": 0.0
  },
  "thread_length_distribution": {
    "counts": [
      390,
      152,
      68,
      31,
      17,
      16,
      10,
      7,
      2,
      5,
      2,
      3,
      0,
      0,
      0,
      0,
      0,
      0,
      1
    ],
    "bin_edges": [
      1,
      2,
      3,
      4,
      5,
      6,
      7,
      8,
      9,
      10,
      11,
      12,
      13,
      14,
      15,
      16,
      17,
      18,
      19,
      20
    ]
  },
  "unmapped_comments": 23
}