{
  "success": true,
  "thread_count": 11598,
  "avg_thread_length": 2.776599413692016,
  "median_thread_length": 1.0,
  "max_thread_length": 741,
  "percentiles": {
    "p50": 1.0,
    "p75": 1.0,
    "p90": 3.0,
    "p95": 5.0,
    "p99": 24.030000000000655
  },
  "thread_categories": {
    "no_comments": 9363,
    "few_comments": 1697,
    "many_comments": 405,
    "very_many_comments": 133,
    "no_comments_pct": 80.72943610967408,
    "few_comments_pct": 14.631833074668046,
    "many_comments_pct": 3.4919813760993277,
    "very_many_comments_pct": 1.1467494395585447
  },
  "thread_length_distribution": {
    "counts": [
      9363,
      901,
      414,
      240,
      142,
      80,
      71,
      68,
      31,
      22,
      23,
      19,
      13,
      17,
      19,
      8,
      9,
      7,
      9,
      9,
      5,
      7,
      2,
      3,
      5,
      3,
      3,
      2,
      5,
      2,
      2,
      4,
      4,
      1,
      1,
      1,
      3,
      3,
      1,
      0,
      1,
      0,
      3,
      0,
      0,
      0,
      3,
      0,
      1
    ],
    "bin_edges": [
      1,
      2,
      3,
      4,
      5,
      6,
      7,
      8,
      9,
      10,
      11,
      12,
      13,
      14,
      15,
      16,
      17,
      18,
      19,
      20,
      21,
      22,
      23,
      24,
      25,
      26,
      27,
      28,
      29,
      30,
      31,
      32,
      33,
      34,
      35,
      36,
      37,
      38,
      39,
      40,
      41,
      42,
      43,
      44,
      45,
      46,
      47,
      48,
      49,
      50
    ]
  },
  "unmapped_comments": 95838
}