{
  "success": true,
  "thread_count": 735,
  "avg_thread_length": 2.074829931972789,
  "median_thread_length": 1.0,
  "max_thread_length": 28,
  "percentiles": {
    "p50": 1.0,
    "p75": 2.0,
    "p90": 4.0,
    "p95": 6.0,
    "p99": 11.659999999999968
  },
  "thread_categories": {
    "no_comments": 440,
    "few_comments": 248,
    "many_comments": 46,
    "very_many_comments": 1,
    "no_comments_pct": 59.863945578231295,
    "few_comments_pct": 33.74149659863945,
    "many_comments_pct": 6.258503401360545,
    "very_many_comments_pct": 0.13605442176870747
  },
  "thread_length_distribution": {
    "counts": [
      440,
      152,
      54,
      24,
      18,
      12,
      9,
      5,
      5,
      6,
      2,
      2,
      1,
      1,
      1,
      0,
      0,
      1,
      1,
      0,
      0,
      0,
      0,
      0,
      0,
      0,
      0,
      1
    ],
    "bin_edges": [
      1,
      2,
      3,
      4,
      5,
      6,
      7,
      8,
      9,
      10,
      11,
      12,
      13,
      14,
      15,
      16,
      17,
      18,
      19,
      20,
      21,
      22,
      23,
      24,
      25,
      26,
      27,
      28,
      29
    ]
  },
  "unmapped_comments": 18
}