{
  "success": true,
  "thread_count": 598,
  "avg_thread_length": 1.9899665551839465,
  "median_thread_length": 1.0,
  "max_thread_length": 19,
  "percentiles": {
    "p50": 1.0,
    "p75": 2.0,
    "p90": 4.0,
    "p95": 5.149999999999977,
    "p99": 10.029999999999973
  },
  "thread_categories": {
    "no_comments": 344,
    "few_comments": 224,
    "many_comments": 30,
    "very_many_comments": 0,
    "no_comments_pct": 57.52508361204013,
    "few_comments_pct": 37.45819397993311,
    "many_comments_pct": 5.016722408026756,
    "very_many_comments_pct": 0.0
  },
  "thread_length_distribution": {
    "counts": [
      344,
      135,
      50,
      21,
      18,
      13,
      4,
      3,
      3,
      1,
      2,
      1,
      1,
      0,
      0,
      0,
      0,
      0,
      2
    ],
    "bin_edges": [
      1,
      2,
      3,
      4,
      5,
      6,
      7,
      8,
      9,
      10,
      11,
      12,
      13,
      14,
      15,
      16,
      17,
      18,
      19,
      20
    ]
  },
  "unmapped_comments": 5
}