{
  "has_toxicity_data": true,
  "toxicity_coverage_pct": 100.0,
  "records_with_toxicity": 1195,
  "total_records": 1195,
  "toxicity_stats": {
    "mean": 0.10433675086682967,
    "median": 0.001219834084622562,
    "min": 0.0005566860199905932,
    "max": 0.9889196753501892,
    "std": 0.2646618196238025
  },
  "toxicity_distribution": {
    "counts": [
      982,
      28,
      19,
      9,
      10,
      9,
      6,
      6,
      5,
      1,
      3,
      6,
      4,
      3,
      8,
      7,
      9,
      11,
      28,
      41
    ],
    "counts_pct": [
      82.17573221757321,
      2.3430962343096233,
      1.5899581589958158,
      0.7531380753138075,
      0.8368200836820083,
      0.7531380753138075,
      0.502092050209205,
      0.502092050209205,
      0.41841004184100417,
      0.08368200836820083,
      0.2510460251046025,
      0.502092050209205,
      0.33472803347280333,
      0.2510460251046025,
      0.6694560669456067,
      0.5857740585774058,
      0.7531380753138075,
      0.9205020920502093,
      2.3430962343096233,
      3.430962343096234
    ],
    "bin_edges": [
      0.0,
      0.05,
      0.1,
      0.15000000000000002,
      0.2,
      0.25,
      0.30000000000000004,
      0.35000000000000003,
      0.4,
      0.45,
      0.5,
      0.55,
      0.6000000000000001,
      0.65,
      0.7000000000000001,
      0.75,
      0.8,
      0.8500000000000001,
      0.9,
      0.9500000000000001,
      1.0
    ]
  },
  "interaction_toxicity": {
    "posts": {
      "count": 598,
      "mean": 0.022691546399286486,
      "median": 0.0007771125237923115,
      "distribution": [
        566,
        9,
        6,
        2,
        2,
        0,
        1,
        1,
        1,
        0,
        0,
        0,
        1,
        0,
        2,
        0,
        0,
        0,
        3,
        4
      ]
    },
    "comments": {
      "count": 597,
      "mean": 0.1861187144708344,
      "median": 0.0029857701156288385,
      "distribution": [
        416,
        19,
        13,
        7,
        8,
        9,
        5,
        5,
        4,
        1,
        3,
        6,
        3,
        3,
        6,
        7,
        9,
        11,
        25,
        37
      ]
    }
  },
  "high_toxicity_threshold": 0.5051657438278213,
  "very_high_toxicity_threshold": 0.9191599667072295,
  "high_toxicity_counts": {
    "posts": 10,
    "comments": 110,
    "total": 120,
    "pct_of_posts": 1.6722408026755853,
    "pct_of_comments": 18.425460636515915,
    "pct_of_all": 10.0418410041841
  },
  "very_high_toxicity_counts": {
    "posts": 6,
    "comments": 54,
    "total": 60,
    "pct_of_posts": 1.0033444816053512,
    "pct_of_comments": 9.045226130653267,
    "pct_of_all": 5.02092050209205
  },
  "user_toxicity": {
    "high_toxicity_users_count": 0,
    "high_toxicity_users_pct": 0.0,
    "user_toxicity_distribution": {
      "counts": [
        22,
        5,
        4,
        2,
        3,
        0,
        2,
        0,
        0,
        0,
        0,
        0,
        0,
        0,
        0,
        0,
        0,
        0,
        0,
        0
      ],
      "bin_edges": [
        0.0,
        0.05,
        0.1,
        0.15000000000000002,
        0.2,
        0.25,
        0.30000000000000004,
        0.35000000000000003,
        0.4,
        0.45,
        0.5,
        0.55,
        0.6000000000000001,
        0.65,
        0.7000000000000001,
        0.75,
        0.8,
        0.8500000000000001,
        0.9,
        0.9500000000000001,
        1.0
      ]
    }
  },
  "daily_toxicity": {
    "0": {
      "date": "2017-04-09",
      "day_num": 1,
      "mean_toxicity": 0.13950137562157275,
      "median_toxicity": 0.0009757097577676177,
      "high_toxicity_count": 4,
      "very_high_toxicity_count": 2,
      "total_interactions": 30
    },
    "1": {
      "date": "2017-04-10",
      "day_num": 2,
      "mean_toxicity": 0.12499278218613244,
      "median_toxicity": 0.003032103180885315,
      "high_toxicity_count": 7,
      "very_high_toxicity_count": 2,
      "total_interactions": 51
    },
    "2": {
      "date": "2017-04-11",
      "day_num": 3,
      "mean_toxicity": 0.047071863492462965,
      "median_toxicity": 0.000978155090706423,
      "high_toxicity_count": 2,
      "very_high_toxicity_count": 1,
      "total_interactions": 42
    },
    "3": {
      "date": "2017-04-12",
      "day_num": 4,
      "mean_toxicity": 0.043213385438387535,
      "median_toxicity": 0.0009635367314331234,
      "high_toxicity_count": 2,
      "very_high_toxicity_count": 0,
      "total_interactions": 41
    },
    "4": {
      "date": "2017-04-13",
      "day_num": 5,
      "mean_toxicity": 0.1081368552449231,
      "median_toxicity": 0.0020847630803473294,
      "high_toxicity_count": 2,
      "very_high_toxicity_count": 1,
      "total_interactions": 26
    },
    "5": {
      "date": "2017-04-14",
      "day_num": 6,
      "mean_toxicity": 0.17067864386917792,
      "median_toxicity": 0.0012884132447652519,
      "high_toxicity_count": 7,
      "very_high_toxicity_count": 6,
      "total_interactions": 40
    },
    "6": {
      "date": "2017-04-15",
      "day_num": 7,
      "mean_toxicity": 0.12740370220438177,
      "median_toxicity": 0.001221516344230622,
      "high_toxicity_count": 3,
      "very_high_toxicity_count": 1,
      "total_interactions": 28
    },
    "7": {
      "date": "2017-04-16",
      "day_num": 8,
      "mean_toxicity": 0.08051993272965774,
      "median_toxicity": 0.0008181631565093994,
      "high_toxicity_count": 2,
      "very_high_toxicity_count": 1,
      "total_interactions": 24
    },
    "8": {
      "date": "2017-04-17",
      "day_num": 9,
      "mean_toxicity": 0.23502121609053575,
      "median_toxicity": 0.002675990224815905,
      "high_toxicity_count": 9,
      "very_high_toxicity_count": 5,
      "total_interactions": 40
    },
    "9": {
      "date": "2017-04-18",
      "day_num": 10,
      "mean_toxicity": 0.03584563955276584,
      "median_toxicity": 0.0007746879127807915,
      "high_toxicity_count": 1,
      "very_high_toxicity_count": 0,
      "total_interactions": 27
    },
    "10": {
      "date": "2017-04-19",
      "day_num": 11,
      "mean_toxicity": 0.08950763444814723,
      "median_toxicity": 0.0018922428716905415,
      "high_toxicity_count": 4,
      "very_high_toxicity_count": 3,
      "total_interactions": 52
    },
    "11": {
      "date": "2017-04-20",
      "day_num": 12,
      "mean_toxicity": 0.0962855798752571,
      "median_toxicity": 0.001251425186637789,
      "high_toxicity_count": 5,
      "very_high_toxicity_count": 4,
      "total_interactions": 48
    },
    "12": {
      "date": "2017-04-21",
      "day_num": 13,
      "mean_toxicity": 0.06521167132693033,
      "median_toxicity": 0.001670870347879827,
      "high_toxicity_count": 2,
      "very_high_toxicity_count": 1,
      "total_interactions": 33
    },
    "13": {
      "date": "2017-04-22",
      "day_num": 14,
      "mean_toxicity": 0.051676191934384406,
      "median_toxicity": 0.0010920849163085222,
      "high_toxicity_count": 1,
      "very_high_toxicity_count": 0,
      "total_interactions": 25
    },
    "14": {
      "date": "2017-04-23",
      "day_num": 15,
      "mean_toxicity": 0.010925098376901587,
      "median_toxicity": 0.0017702048062346876,
      "high_toxicity_count": 0,
      "very_high_toxicity_count": 0,
      "total_interactions": 16
    },
    "15": {
      "date": "2017-04-24",
      "day_num": 16,
      "mean_toxicity": 0.16731081941231554,
      "median_toxicity": 0.001014803594443947,
      "high_toxicity_count": 7,
      "very_high_toxicity_count": 5,
      "total_interactions": 42
    },
    "16": {
      "date": "2017-04-25",
      "day_num": 17,
      "mean_toxicity": 0.11280885681679304,
      "median_toxicity": 0.0013673081994056702,
      "high_toxicity_count": 4,
      "very_high_toxicity_count": 2,
      "total_interactions": 44
    },