{
  "success": true,
  "thread_count": 11429,
  "avg_thread_length": 3.0516230641350948,
  "median_thread_length": 1.0,
  "max_thread_length": 1033,
  "percentiles": {
    "p50": 1.0,
    "p75": 1.0,
    "p90": 3.0,
    "p95": 6.0,
    "p99": 22.0
  },
  "thread_categories": {
    "no_comments": 8899,
    "few_comments": 1937,
    "many_comments": 466,
    "very_many_comments": 127,
    "no_comments_pct": 77.86333012512031,
    "few_comments_pct": 16.94811444570829,
    "many_comments_pct": 4.077347099483769,
    "very_many_comments_pct": 1.1112083296876367
  },
  "thread_length_distribution": {
    "counts": [
      8899,
      994,
      486,
      279,
      178,
      118,
      92,
      61,
      38,
      34,
      30,
      13,
      17,
      12,
      10,
      13,
      10,
      6,
      5,
      7,
      11,
      8,
      4,
      4,
      5,
      2,
      2,
      0,
      0,
      3,
      0,
      3,
      1,
      1,
      2,
      3,
      2,
      1,
      3,
      0,
      0,
      1,
      2,
      2,
      0,
      1,
      2,
      0,
      0
    ],
    "bin_edges": [
      1,
      2,
      3,
      4,
      5,
      6,
      7,
      8,
      9,
      10,
      11,
      12,
      13,
      14,
      15,
      16,
      17,
      18,
      19,
      20,
      21,
      22,
      23,
      24,
      25,
      26,
      27,
      28,
      29,
      30,
      31,
      32,
      33,
      34,
      35,
      36,
      37,
      38,
      39,
      40,
      41,
      42,
      43,
      44,
      45,
      46,
      47,
      48,
      49,
      50
    ]
  },
  "unmapped_comments": 94555
}