{
  "success": true,
  "thread_count": 594,
  "avg_thread_length": 2.127946127946128,
  "median_thread_length": 1.0,
  "max_thread_length": 22,
  "percentiles": {
    "p50": 1.0,
    "p75": 2.0,
    "p90": 4.0,
    "p95": 6.350000000000023,
    "p99": 13.07000000000005
  },
  "thread_categories": {
    "no_comments": 352,
    "few_comments": 205,
    "many_comments": 36,
    "very_many_comments": 1,
    "no_comments_pct": 59.25925925925925,
    "few_comments_pct": 34.51178451178451,
    "many_comments_pct": 6.0606060606060606,
    "very_many_comments_pct": 0.16835016835016833
  },
  "thread_length_distribution": {
    "counts": [
      352,
      113,
      51,
      28,
      13,
      7,
      7,
      6,
      4,
      3,
      2,
      1,
      1,
      1,
      1,
      0,
      2,
      0,
      1,
      0,
      0,
      1
    ],
    "bin_edges": [
      1,
      2,
      3,
      4,
      5,
      6,
      7,
      8,
      9,
      10,
      11,
      12,
      13,
      14,
      15,
      16,
      17,
      18,
      19,
      20,
      21,
      22,
      23
    ]
  },
  "unmapped_comments": 13
}